model,dataset,definition,outcome,scope,n_seeds,n_problems,numerator_count,denominator_count,estimate,binomial_wilson95_lower,binomial_wilson95_upper,cluster_ci95_lower,cluster_ci95_upper,contrast
qwen,all,strict_all_wrong,samecap_repair_plurality,all_seeds,3,800,0.0,52.0,0.0,0.0,0.0687922361238623,0.0,0.0,
qwen,all,strict_all_wrong,samecap_repair_plurality,leave_out:42,2,800,0.0,34.0,0.0,6.938893903907228e-18,0.10151455415332375,0.0,0.0,
qwen,all,strict_all_wrong,samecap_repair_plurality,leave_out:314159,2,800,0.0,36.0,0.0,0.0,0.09641862859446362,0.0,0.0,
qwen,all,strict_all_wrong,samecap_repair_plurality,leave_out:271828,2,800,0.0,34.0,0.0,6.938893903907228e-18,0.10151455415332375,0.0,0.0,
qwen,all,strict_all_wrong,long_repair_plurality,all_seeds,3,800,0.0,52.0,0.0,0.0,0.0687922361238623,0.0,0.0,
qwen,all,strict_all_wrong,long_repair_plurality,leave_out:42,2,800,0.0,34.0,0.0,6.938893903907228e-18,0.10151455415332375,0.0,0.0,
qwen,all,strict_all_wrong,long_repair_plurality,leave_out:314159,2,800,0.0,36.0,0.0,0.0,0.09641862859446362,0.0,0.0,
qwen,all,strict_all_wrong,long_repair_plurality,leave_out:271828,2,800,0.0,34.0,0.0,6.938893903907228e-18,0.10151455415332375,0.0,0.0,
qwen,all,strict_all_wrong,samecap_repair_any,all_seeds,3,800,3.0,52.0,0.057692307692307696,0.0198141721122706,0.15642511368960757,0.0,0.13636363636363635,
qwen,all,strict_all_wrong,samecap_repair_any,leave_out:42,2,800,2.0,34.0,0.058823529411764705,0.016282655210122732,0.19093606904281,0.0,0.16,
qwen,all,strict_all_wrong,samecap_repair_any,leave_out:314159,2,800,3.0,36.0,0.08333333333333333,0.028748611335993393,0.21826691249272628,0.0,0.1935483870967742,
qwen,all,strict_all_wrong,samecap_repair_any,leave_out:271828,2,800,1.0,34.0,0.029411764705882353,0.0052109062762689395,0.14915573292685927,0.0,0.09523809523809523,
qwen,all,strict_all_wrong,long_repair_any,all_seeds,3,800,5.0,52.0,0.09615384615384616,0.04177435105257249,0.20609630120131628,0.01639344262295082,0.2127659574468085,
qwen,all,strict_all_wrong,long_repair_any,leave_out:42,2,800,3.0,34.0,0.08823529411764706,0.03046594367464857,0.22960486562808868,0.0,0.20689655172413793,
qwen,all,strict_all_wrong,long_repair_any,leave_out:314159,2,800,5.0,36.0,0.1388888888888889,0.06081815009132838,0.286595303893562,0.024390243902439025,0.29411764705882354,
qwen,all,strict_all_wrong,long_repair_any,leave_out:271828,2,800,2.0,34.0,0.058823529411764705,0.016282655210122732,0.19093606904281,0.0,0.15384615384615385,
qwen,all,strict_all_wrong,incremental_plurality_helpful,all_seeds,3,800,0.0,52.0,0.0,0.0,0.0687922361238623,0.0,0.0,
qwen,all,strict_all_wrong,incremental_plurality_helpful,leave_out:42,2,800,0.0,34.0,0.0,6.938893903907228e-18,0.10151455415332375,0.0,0.0,
qwen,all,strict_all_wrong,incremental_plurality_helpful,leave_out:314159,2,800,0.0,36.0,0.0,0.0,0.09641862859446362,0.0,0.0,
qwen,all,strict_all_wrong,incremental_plurality_helpful,leave_out:271828,2,800,0.0,34.0,0.0,6.938893903907228e-18,0.10151455415332375,0.0,0.0,
qwen,all,strict_all_wrong,incremental_plurality_harmful,all_seeds,3,800,0.0,52.0,0.0,0.0,0.0687922361238623,0.0,0.0,
qwen,all,strict_all_wrong,incremental_plurality_harmful,leave_out:42,2,800,0.0,34.0,0.0,6.938893903907228e-18,0.10151455415332375,0.0,0.0,
qwen,all,strict_all_wrong,incremental_plurality_harmful,leave_out:314159,2,800,0.0,36.0,0.0,0.0,0.09641862859446362,0.0,0.0,
qwen,all,strict_all_wrong,incremental_plurality_harmful,leave_out:271828,2,800,0.0,34.0,0.0,6.938893903907228e-18,0.10151455415332375,0.0,0.0,
qwen,all,strict_all_wrong,incremental_net,all_seeds,3,800,0.0,52.0,0.0,,,0.0,0.0,
qwen,all,strict_all_wrong,incremental_net,leave_out:42,2,800,0.0,34.0,0.0,,,0.0,0.0,
qwen,all,strict_all_wrong,incremental_net,leave_out:314159,2,800,0.0,36.0,0.0,,,0.0,0.0,
qwen,all,strict_all_wrong,incremental_net,leave_out:271828,2,800,0.0,34.0,0.0,,,0.0,0.0,
qwen,all,plurality_wrong,samecap_repair_plurality,all_seeds,3,800,3.0,63.0,0.047619047619047616,0.016326168867995608,0.1309096783790607,0.0,0.11428571428571428,
qwen,all,plurality_wrong,samecap_repair_plurality,leave_out:42,2,800,3.0,42.0,0.07142857142857142,0.024590409873305935,0.19009426801158308,0.0,0.16666666666666666,
qwen,all,plurality_wrong,samecap_repair_plurality,leave_out:314159,2,800,1.0,42.0,0.023809523809523808,0.004215404134432499,0.12321201573766641,0.0,0.0851063829787234,
qwen,all,plurality_wrong,samecap_repair_plurality,leave_out:271828,2,800,2.0,42.0,0.047619047619047616,0.013157524908905593,0.15789852396958837,0.0,0.12767321331151096,
qwen,all,plurality_wrong,long_repair_plurality,all_seeds,3,800,3.0,63.0,0.047619047619047616,0.016326168867995608,0.1309096783790607,0.0,0.11428571428571428,
qwen,all,plurality_wrong,long_repair_plurality,leave_out:42,2,800,3.0,42.0,0.07142857142857142,0.024590409873305935,0.19009426801158308,0.0,0.16666666666666666,
qwen,all,plurality_wrong,long_repair_plurality,leave_out:314159,2,800,1.0,42.0,0.023809523809523808,0.004215404134432499,0.12321201573766641,0.0,0.0851063829787234,
qwen,all,plurality_wrong,long_repair_plurality,leave_out:271828,2,800,2.0,42.0,0.047619047619047616,0.013157524908905593,0.15789852396958837,0.0,0.12767321331151096,
qwen,all,plurality_wrong,samecap_repair_any,all_seeds,3,800,3.0,63.0,0.047619047619047616,0.016326168867995608,0.1309096783790607,0.0,0.10294117647058823,
qwen,all,plurality_wrong,samecap_repair_any,leave_out:42,2,800,2.0,42.0,0.047619047619047616,0.013157524908905593,0.15789852396958837,0.0,0.12244897959183673,
qwen,all,plurality_wrong,samecap_repair_any,leave_out:314159,2,800,3.0,42.0,0.07142857142857142,0.024590409873305935,0.19009426801158308,0.0,0.15555555555555556,
qwen,all,plurality_wrong,samecap_repair_any,leave_out:271828,2,800,1.0,42.0,0.023809523809523808,0.004215404134432499,0.12321201573766641,0.0,0.07692307692307693,
qwen,all,plurality_wrong,long_repair_any,all_seeds,3,800,5.0,63.0,0.07936507936507936,0.03437584717681856,0.1727030985090408,0.014285714285714285,0.16666666666666666,
qwen,all,plurality_wrong,long_repair_any,leave_out:42,2,800,3.0,42.0,0.07142857142857142,0.024590409873305935,0.19009426801158308,0.0,0.16,
qwen,all,plurality_wrong,long_repair_any,leave_out:314159,2,800,5.0,42.0,0.11904761904761904,0.05193803327758237,0.25000390262009675,0.021739130434782608,0.2439159891598914,
qwen,all,plurality_wrong,long_repair_any,leave_out:271828,2,800,2.0,42.0,0.047619047619047616,0.013157524908905593,0.15789852396958837,0.0,0.12121212121212122,
qwen,all,plurality_wrong,incremental_plurality_helpful,all_seeds,3,800,0.0,63.0,0.0,3.469446951953614e-18,0.05747119958885169,0.0,0.0,
qwen,all,plurality_wrong,incremental_plurality_helpful,leave_out:42,2,800,0.0,42.0,0.0,0.0,0.08379879086570388,0.0,0.0,
qwen,all,plurality_wrong,incremental_plurality_helpful,leave_out:314159,2,800,0.0,42.0,0.0,0.0,0.08379879086570388,0.0,0.0,
qwen,all,plurality_wrong,incremental_plurality_helpful,leave_out:271828,2,800,0.0,42.0,0.0,0.0,0.08379879086570388,0.0,0.0,
qwen,all,plurality_wrong,incremental_plurality_harmful,all_seeds,3,800,0.0,63.0,0.0,3.469446951953614e-18,0.05747119958885169,0.0,0.0,
qwen,all,plurality_wrong,incremental_plurality_harmful,leave_out:42,2,800,0.0,42.0,0.0,0.0,0.08379879086570388,0.0,0.0,
qwen,all,plurality_wrong,incremental_plurality_harmful,leave_out:314159,2,800,0.0,42.0,0.0,0.0,0.08379879086570388,0.0,0.0,
qwen,all,plurality_wrong,incremental_plurality_harmful,leave_out:271828,2,800,0.0,42.0,0.0,0.0,0.08379879086570388,0.0,0.0,
qwen,all,plurality_wrong,incremental_net,all_seeds,3,800,0.0,63.0,0.0,,,0.0,0.0,
qwen,all,plurality_wrong,incremental_net,leave_out:42,2,800,0.0,42.0,0.0,,,0.0,0.0,
qwen,all,plurality_wrong,incremental_net,leave_out:314159,2,800,0.0,42.0,0.0,,,0.0,0.0,
qwen,all,plurality_wrong,incremental_net,leave_out:271828,2,800,0.0,42.0,0.0,,,0.0,0.0,
qwen,all,first_chain_wrong,samecap_repair_plurality,all_seeds,3,800,30.0,139.0,0.2158273381294964,0.1555729353641631,0.29136634506444803,0.1381167841493618,0.3076923076923077,
qwen,all,first_chain_wrong,samecap_repair_plurality,leave_out:42,2,800,14.0,90.0,0.15555555555555556,0.09498275594910816,0.2443284527729836,0.08333333333333333,0.24285714285714285,
qwen,all,first_chain_wrong,samecap_repair_plurality,leave_out:314159,2,800,22.0,96.0,0.22916666666666666,0.15648917145600272,0.3226851053002383,0.136986301369863,0.33663366336633666,
qwen,all,first_chain_wrong,samecap_repair_plurality,leave_out:271828,2,800,24.0,92.0,0.2608695652173913,0.18202221087474607,0.35888627965316006,0.16666666666666666,0.37,
qwen,all,first_chain_wrong,long_repair_plurality,all_seeds,3,800,31.0,139.0,0.22302158273381295,0.16180009480995905,0.29914072282299103,0.14465408805031446,0.3157894736842105,
qwen,all,first_chain_wrong,long_repair_plurality,leave_out:42,2,800,14.0,90.0,0.15555555555555556,0.09498275594910816,0.2443284527729836,0.08333333333333333,0.24285714285714285,
qwen,all,first_chain_wrong,long_repair_plurality,leave_out:314159,2,800,23.0,96.0,0.23958333333333334,0.16528221215855413,0.3339238231839853,0.14736842105263157,0.3466666666666667,
qwen,all,first_chain_wrong,long_repair_plurality,leave_out:271828,2,800,25.0,92.0,0.2717391304347826,0.19135775649245335,0.3704185299205479,0.17647058823529413,0.38182328907048,
qwen,all,first_chain_wrong,samecap_repair_any,all_seeds,3,800,48.0,139.0,0.34532374100719426,0.2713990184612785,0.4275679316454339,0.2481188436206796,0.4576271186440678,
qwen,all,first_chain_wrong,samecap_repair_any,leave_out:42,2,800,27.0,90.0,0.3,0.21510914497726974,0.40126510524846093,0.2,0.412374355670103,
qwen,all,first_chain_wrong,samecap_repair_any,leave_out:314159,2,800,35.0,96.0,0.3645833333333333,0.27523940085174403,0.4643477375263765,0.25,0.4891362164662349,
qwen,all,first_chain_wrong,samecap_repair_any,leave_out:271828,2,800,34.0,92.0,0.3695652173913043,0.27801634012339677,0.4715701092554611,0.25925925925925924,0.4883786997885834,
qwen,all,first_chain_wrong,long_repair_any,all_seeds,3,800,54.0,139.0,0.38848920863309355,0.3115013560083117,0.47147481732443447,0.2847682119205298,0.505080492424242,
qwen,all,first_chain_wrong,long_repair_any,leave_out:42,2,800,30.0,90.0,0.3333333333333333,0.24453505279444637,0.4357768223936625,0.22448979591836735,0.45454545454545453,
qwen,all,first_chain_wrong,long_repair_any,leave_out:314159,2,800,41.0,96.0,0.4270833333333333,0.33282083114008043,0.5269568587558306,0.3068181818181818,0.5542168674698795,
qwen,all,first_chain_wrong,long_repair_any,leave_out:271828,2,800,37.0,92.0,0.40217391304347827,0.307849587926185,0.5043402491079585,0.2891566265060241,0.525,
qwen,all,first_chain_wrong,incremental_plurality_helpful,all_seeds,3,800,1.0,139.0,0.007194244604316547,0.001271091705159308,0.03962360979762206,0.0,0.024096385542168676,
qwen,all,first_chain_wrong,incremental_plurality_helpful,leave_out:42,2,800,0.0,90.0,0.0,3.469446951953614e-18,0.04093562556432677,0.0,0.0,
qwen,all,first_chain_wrong,incremental_plurality_helpful,leave_out:314159,2,800,1.0,96.0,0.010416666666666666,0.0018411702168162555,0.05666617622715784,0.0,0.03488372093023256,
qwen,all,first_chain_wrong,incremental_plurality_helpful,leave_out:271828,2,800,1.0,92.0,0.010869565217391304,0.001921329040091714,0.059027856130625174,0.0,0.03614457831325301,
qwen,all,first_chain_wrong,incremental_plurality_harmful,all_seeds,3,800,0.0,139.0,0.0,0.0,0.026893164298442414,0.0,0.0,
qwen,all,first_chain_wrong,incremental_plurality_harmful,leave_out:42,2,800,0.0,90.0,0.0,3.469446951953614e-18,0.04093562556432677,0.0,0.0,
qwen,all,first_chain_wrong,incremental_plurality_harmful,leave_out:314159,2,800,0.0,96.0,0.0,0.0,0.038475587857675665,0.0,0.0,
qwen,all,first_chain_wrong,incremental_plurality_harmful,leave_out:271828,2,800,0.0,92.0,0.0,0.0,0.04008138928562171,0.0,0.0,
qwen,all,first_chain_wrong,incremental_net,all_seeds,3,800,1.0,139.0,0.007194244604316547,,,0.0,0.024096385542168676,
qwen,all,first_chain_wrong,incremental_net,leave_out:42,2,800,0.0,90.0,0.0,,,0.0,0.0,
qwen,all,first_chain_wrong,incremental_net,leave_out:314159,2,800,1.0,96.0,0.010416666666666666,,,0.0,0.03488372093023256,
qwen,all,first_chain_wrong,incremental_net,leave_out:271828,2,800,1.0,92.0,0.010869565217391304,,,0.0,0.03614457831325301,
qwen,gsm8k,strict_all_wrong,samecap_repair_plurality,all_seeds,3,400,0.0,14.0,0.0,0.0,0.21531080273763575,0.0,0.0,
qwen,gsm8k,strict_all_wrong,samecap_repair_plurality,leave_out:42,2,400,0.0,9.0,0.0,0.0,0.299145048419544,0.0,0.0,
qwen,gsm8k,strict_all_wrong,samecap_repair_plurality,leave_out:314159,2,400,0.0,9.0,0.0,0.0,0.299145048419544,0.0,0.0,
qwen,gsm8k,strict_all_wrong,samecap_repair_plurality,leave_out:271828,2,400,0.0,10.0,0.0,2.7755575615628914e-17,0.27753279986288915,0.0,0.0,
qwen,gsm8k,strict_all_wrong,long_repair_plurality,all_seeds,3,400,0.0,14.0,0.0,0.0,0.21531080273763575,0.0,0.0,
qwen,gsm8k,strict_all_wrong,long_repair_plurality,leave_out:42,2,400,0.0,9.0,0.0,0.0,0.299145048419544,0.0,0.0,
qwen,gsm8k,strict_all_wrong,long_repair_plurality,leave_out:314159,2,400,0.0,9.0,0.0,0.0,0.299145048419544,0.0,0.0,
qwen,gsm8k,strict_all_wrong,long_repair_plurality,leave_out:271828,2,400,0.0,10.0,0.0,2.7755575615628914e-17,0.27753279986288915,0.0,0.0,
qwen,gsm8k,strict_all_wrong,samecap_repair_any,all_seeds,3,400,1.0,14.0,0.07142857142857142,0.012722215247890939,0.31468704424151117,0.0,0.2727272727272727,
qwen,gsm8k,strict_all_wrong,samecap_repair_any,leave_out:42,2,400,0.0,9.0,0.0,0.0,0.299145048419544,0.0,0.0,
qwen,gsm8k,strict_all_wrong,samecap_repair_any,leave_out:314159,2,400,1.0,9.0,0.1111111111111111,0.019890887638544935,0.4349997055766559,0.0,0.5,
qwen,gsm8k,strict_all_wrong,samecap_repair_any,leave_out:271828,2,400,1.0,10.0,0.1,0.017876213095072896,0.40415002679523837,0.0,0.3333333333333333,
qwen,gsm8k,strict_all_wrong,long_repair_any,all_seeds,3,400,1.0,14.0,0.07142857142857142,0.012722215247890939,0.31468704424151117,0.0,0.2727272727272727,
qwen,gsm8k,strict_all_wrong,long_repair_any,leave_out:42,2,400,0.0,9.0,0.0,0.0,0.299145048419544,0.0,0.0,
qwen,gsm8k,strict_all_wrong,long_repair_any,leave_out:314159,2,400,1.0,9.0,0.1111111111111111,0.019890887638544935,0.4349997055766559,0.0,0.5,
qwen,gsm8k,strict_all_wrong,long_repair_any,leave_out:271828,2,400,1.0,10.0,0.1,0.017876213095072896,0.40415002679523837,0.0,0.3333333333333333,
qwen,gsm8k,strict_all_wrong,incremental_plurality_helpful,all_seeds,3,400,0.0,14.0,0.0,0.0,0.21531080273763575,0.0,0.0,
qwen,gsm8k,strict_all_wrong,incremental_plurality_helpful,leave_out:42,2,400,0.0,9.0,0.0,0.0,0.299145048419544,0.0,0.0,
qwen,gsm8k,strict_all_wrong,incremental_plurality_helpful,leave_out:314159,2,400,0.0,9.0,0.0,0.0,0.299145048419544,0.0,0.0,
qwen,gsm8k,strict_all_wrong,incremental_plurality_helpful,leave_out:271828,2,400,0.0,10.0,0.0,2.7755575615628914e-17,0.27753279986288915,0.0,0.0,
qwen,gsm8k,strict_all_wrong,incremental_plurality_harmful,all_seeds,3,400,0.0,14.0,0.0,0.0,0.21531080273763575,0.0,0.0,
qwen,gsm8k,strict_all_wrong,incremental_plurality_harmful,leave_out:42,2,400,0.0,9.0,0.0,0.0,0.299145048419544,0.0,0.0,
qwen,gsm8k,strict_all_wrong,incremental_plurality_harmful,leave_out:314159,2,400,0.0,9.0,0.0,0.0,0.299145048419544,0.0,0.0,
qwen,gsm8k,strict_all_wrong,incremental_plurality_harmful,leave_out:271828,2,400,0.0,10.0,0.0,2.7755575615628914e-17,0.27753279986288915,0.0,0.0,
qwen,gsm8k,strict_all_wrong,incremental_net,all_seeds,3,400,0.0,14.0,0.0,,,0.0,0.0,
qwen,gsm8k,strict_all_wrong,incremental_net,leave_out:42,2,400,0.0,9.0,0.0,,,0.0,0.0,
qwen,gsm8k,strict_all_wrong,incremental_net,leave_out:314159,2,400,0.0,9.0,0.0,,,0.0,0.0,
qwen,gsm8k,strict_all_wrong,incremental_net,leave_out:271828,2,400,0.0,10.0,0.0,,,0.0,0.0,
qwen,gsm8k,plurality_wrong,samecap_repair_plurality,all_seeds,3,400,2.0,19.0,0.10526315789473684,0.029358560298870184,0.31394082711108995,0.0,0.3333333333333333,
qwen,gsm8k,plurality_wrong,samecap_repair_plurality,leave_out:42,2,400,2.0,13.0,0.15384615384615385,0.04325817835808124,0.42234631019482527,0.0,0.4444444444444444,
qwen,gsm8k,plurality_wrong,samecap_repair_plurality,leave_out:314159,2,400,0.0,12.0,0.0,0.0,0.2424940066552408,0.0,0.0,
qwen,gsm8k,plurality_wrong,samecap_repair_plurality,leave_out:271828,2,400,2.0,13.0,0.15384615384615385,0.04325817835808124,0.42234631019482527,0.0,0.46153846153846156,
qwen,gsm8k,plurality_wrong,long_repair_plurality,all_seeds,3,400,2.0,19.0,0.10526315789473684,0.029358560298870184,0.31394082711108995,0.0,0.3333333333333333,
qwen,gsm8k,plurality_wrong,long_repair_plurality,leave_out:42,2,400,2.0,13.0,0.15384615384615385,0.04325817835808124,0.42234631019482527,0.0,0.4444444444444444,
qwen,gsm8k,plurality_wrong,long_repair_plurality,leave_out:314159,2,400,0.0,12.0,0.0,0.0,0.2424940066552408,0.0,0.0,
qwen,gsm8k,plurality_wrong,long_repair_plurality,leave_out:271828,2,400,2.0,13.0,0.15384615384615385,0.04325817835808124,0.42234631019482527,0.0,0.46153846153846156,
qwen,gsm8k,plurality_wrong,samecap_repair_any,all_seeds,3,400,1.0,19.0,0.05263157894736842,0.009351994062300376,0.2463873116689878,0.0,0.16666666666666666,
qwen,gsm8k,plurality_wrong,samecap_repair_any,leave_out:42,2,400,0.0,13.0,0.0,0.0,0.2280953723541983,0.0,0.0,
qwen,gsm8k,plurality_wrong,samecap_repair_any,leave_out:314159,2,400,1.0,12.0,0.08333333333333333,0.014865094404917123,0.3538799111411169,0.0,0.26666666666666666,
qwen,gsm8k,plurality_wrong,samecap_repair_any,leave_out:271828,2,400,1.0,13.0,0.07692307692307693,0.013710421242556586,0.3331395092109958,0.0,0.25,
qwen,gsm8k,plurality_wrong,long_repair_any,all_seeds,3,400,1.0,19.0,0.05263157894736842,0.009351994062300376,0.2463873116689878,0.0,0.16666666666666666,
qwen,gsm8k,plurality_wrong,long_repair_any,leave_out:42,2,400,0.0,13.0,0.0,0.0,0.2280953723541983,0.0,0.0,
qwen,gsm8k,plurality_wrong,long_repair_any,leave_out:314159,2,400,1.0,12.0,0.08333333333333333,0.014865094404917123,0.3538799111411169,0.0,0.26666666666666666,
qwen,gsm8k,plurality_wrong,long_repair_any,leave_out:271828,2,400,1.0,13.0,0.07692307692307693,0.013710421242556586,0.3331395092109958,0.0,0.25,
qwen,gsm8k,plurality_wrong,incremental_plurality_helpful,all_seeds,3,400,0.0,19.0,0.0,0.0,0.16817922405261618,0.0,0.0,
qwen,gsm8k,plurality_wrong,incremental_plurality_helpful,leave_out:42,2,400,0.0,13.0,0.0,0.0,0.2280953723541983,0.0,0.0,
qwen,gsm8k,plurality_wrong,incremental_plurality_helpful,leave_out:314159,2,400,0.0,12.0,0.0,0.0,0.2424940066552408,0.0,0.0,
qwen,gsm8k,plurality_wrong,incremental_plurality_helpful,leave_out:271828,2,400,0.0,13.0,0.0,0.0,0.2280953723541983,0.0,0.0,
qwen,gsm8k,plurality_wrong,incremental_plurality_harmful,all_seeds,3,400,0.0,19.0,0.0,0.0,0.16817922405261618,0.0,0.0,
qwen,gsm8k,plurality_wrong,incremental_plurality_harmful,leave_out:42,2,400,0.0,13.0,0.0,0.0,0.2280953723541983,0.0,0.0,
qwen,gsm8k,plurality_wrong,incremental_plurality_harmful,leave_out:314159,2,400,0.0,12.0,0.0,0.0,0.2424940066552408,0.0,0.0,
qwen,gsm8k,plurality_wrong,incremental_plurality_harmful,leave_out:271828,2,400,0.0,13.0,0.0,0.0,0.2280953723541983,0.0,0.0,
qwen,gsm8k,plurality_wrong,incremental_net,all_seeds,3,400,0.0,19.0,0.0,,,0.0,0.0,
qwen,gsm8k,plurality_wrong,incremental_net,leave_out:42,2,400,0.0,13.0,0.0,,,0.0,0.0,
qwen,gsm8k,plurality_wrong,incremental_net,leave_out:314159,2,400,0.0,12.0,0.0,,,0.0,0.0,
qwen,gsm8k,plurality_wrong,incremental_net,leave_out:271828,2,400,0.0,13.0,0.0,,,0.0,0.0,
qwen,gsm8k,first_chain_wrong,samecap_repair_plurality,all_seeds,3,400,13.0,37.0,0.35135135135135137,0.21825607133927127,0.5124097687744916,0.17306034482758623,0.6071428571428571,
qwen,gsm8k,first_chain_wrong,samecap_repair_plurality,leave_out:42,2,400,6.0,23.0,0.2608695652173913,0.12548616044986352,0.4647000483742537,0.08695652173913043,0.5,
qwen,gsm8k,first_chain_wrong,samecap_repair_plurality,leave_out:314159,2,400,10.0,26.0,0.38461538461538464,0.224285944357128,0.5746514991488448,0.18181818181818182,0.6470588235294118,
qwen,gsm8k,first_chain_wrong,samecap_repair_plurality,leave_out:271828,2,400,10.0,25.0,0.4,0.23403302377747975,0.59260542641033,0.18518518518518517,0.6669642857142813,
qwen,gsm8k,first_chain_wrong,long_repair_plurality,all_seeds,3,400,13.0,37.0,0.35135135135135137,0.21825607133927127,0.5124097687744916,0.17306034482758623,0.6071428571428571,
qwen,gsm8k,first_chain_wrong,long_repair_plurality,leave_out:42,2,400,6.0,23.0,0.2608695652173913,0.12548616044986352,0.4647000483742537,0.08695652173913043,0.5,
qwen,gsm8k,first_chain_wrong,long_repair_plurality,leave_out:314159,2,400,10.0,26.0,0.38461538461538464,0.224285944357128,0.5746514991488448,0.18181818181818182,0.6470588235294118,
qwen,gsm8k,first_chain_wrong,long_repair_plurality,leave_out:271828,2,400,10.0,25.0,0.4,0.23403302377747975,0.59260542641033,0.18518518518518517,0.6669642857142813,
qwen,gsm8k,first_chain_wrong,samecap_repair_any,all_seeds,3,400,16.0,37.0,0.43243243243243246,0.28671719277157315,0.5908581890983191,0.25,0.68,
qwen,gsm8k,first_chain_wrong,samecap_repair_any,leave_out:42,2,400,8.0,23.0,0.34782608695652173,0.1881127593879774,0.5510966462273699,0.15789473684210525,0.6111111111111112,
qwen,gsm8k,first_chain_wrong,samecap_repair_any,leave_out:314159,2,400,12.0,26.0,0.46153846153846156,0.28755853530391223,0.6454206125314121,0.25,0.7222222222222222,
qwen,gsm8k,first_chain_wrong,samecap_repair_any,leave_out:271828,2,400,12.0,25.0,0.48,0.30031285954112974,0.6650148304964322,0.26666666666666666,0.7307692307692307,
qwen,gsm8k,first_chain_wrong,long_repair_any,all_seeds,3,400,16.0,37.0,0.43243243243243246,0.28671719277157315,0.5908581890983191,0.25,0.68,
qwen,gsm8k,first_chain_wrong,long_repair_any,leave_out:42,2,400,8.0,23.0,0.34782608695652173,0.1881127593879774,0.5510966462273699,0.15789473684210525,0.6111111111111112,
qwen,gsm8k,first_chain_wrong,long_repair_any,leave_out:314159,2,400,12.0,26.0,0.46153846153846156,0.28755853530391223,0.6454206125314121,0.25,0.7222222222222222,
qwen,gsm8k,first_chain_wrong,long_repair_any,leave_out:271828,2,400,12.0,25.0,0.48,0.30031285954112974,0.6650148304964322,0.26666666666666666,0.7307692307692307,
qwen,gsm8k,first_chain_wrong,incremental_plurality_helpful,all_seeds,3,400,0.0,37.0,0.0,0.0,0.09405782583720246,0.0,0.0,
qwen,gsm8k,first_chain_wrong,incremental_plurality_helpful,leave_out:42,2,400,0.0,23.0,0.0,0.0,0.14311661845042678,0.0,0.0,
qwen,gsm8k,first_chain_wrong,incremental_plurality_helpful,leave_out:314159,2,400,0.0,26.0,0.0,0.0,0.12872892185921525,0.0,0.0,
qwen,gsm8k,first_chain_wrong,incremental_plurality_helpful,leave_out:271828,2,400,0.0,25.0,0.0,0.0,0.13319225093904843,0.0,0.0,
qwen,gsm8k,first_chain_wrong,incremental_plurality_harmful,all_seeds,3,400,0.0,37.0,0.0,0.0,0.09405782583720246,0.0,0.0,
qwen,gsm8k,first_chain_wrong,incremental_plurality_harmful,leave_out:42,2,400,0.0,23.0,0.0,0.0,0.14311661845042678,0.0,0.0,
qwen,gsm8k,first_chain_wrong,incremental_plurality_harmful,leave_out:314159,2,400,0.0,26.0,0.0,0.0,0.12872892185921525,0.0,0.0,
qwen,gsm8k,first_chain_wrong,incremental_plurality_harmful,leave_out:271828,2,400,0.0,25.0,0.0,0.0,0.13319225093904843,0.0,0.0,
qwen,gsm8k,first_chain_wrong,incremental_net,all_seeds,3,400,0.0,37.0,0.0,,,0.0,0.0,
qwen,gsm8k,first_chain_wrong,incremental_net,leave_out:42,2,400,0.0,23.0,0.0,,,0.0,0.0,
qwen,gsm8k,first_chain_wrong,incremental_net,leave_out:314159,2,400,0.0,26.0,0.0,,,0.0,0.0,
qwen,gsm8k,first_chain_wrong,incremental_net,leave_out:271828,2,400,0.0,25.0,0.0,,,0.0,0.0,
qwen,math,strict_all_wrong,samecap_repair_plurality,all_seeds,3,400,0.0,38.0,0.0,0.0,0.09180986822558392,0.0,0.0,
qwen,math,strict_all_wrong,samecap_repair_plurality,leave_out:42,2,400,0.0,25.0,0.0,0.0,0.13319225093904843,0.0,0.0,
qwen,math,strict_all_wrong,samecap_repair_plurality,leave_out:314159,2,400,0.0,27.0,0.0,0.0,0.12455502974186704,0.0,0.0,
qwen,math,strict_all_wrong,samecap_repair_plurality,leave_out:271828,2,400,0.0,24.0,0.0,0.0,0.13797620467498012,0.0,0.0,
qwen,math,strict_all_wrong,long_repair_plurality,all_seeds,3,400,0.0,38.0,0.0,0.0,0.09180986822558392,0.0,0.0,
qwen,math,strict_all_wrong,long_repair_plurality,leave_out:42,2,400,0.0,25.0,0.0,0.0,0.13319225093904843,0.0,0.0,
qwen,math,strict_all_wrong,long_repair_plurality,leave_out:314159,2,400,0.0,27.0,0.0,0.0,0.12455502974186704,0.0,0.0,
qwen,math,strict_all_wrong,long_repair_plurality,leave_out:271828,2,400,0.0,24.0,0.0,0.0,0.13797620467498012,0.0,0.0,
qwen,math,strict_all_wrong,samecap_repair_any,all_seeds,3,400,2.0,38.0,0.05263157894736842,0.014554208147292413,0.1728546213177037,0.0,0.14814814814814814,
qwen,math,strict_all_wrong,samecap_repair_any,leave_out:42,2,400,2.0,25.0,0.08,0.02222040128484759,0.2496610895039531,0.0,0.21739130434782608,
qwen,math,strict_all_wrong,samecap_repair_any,leave_out:314159,2,400,2.0,27.0,0.07407407407407407,0.02055465406098865,0.23369592683023144,0.0,0.2,
qwen,math,strict_all_wrong,samecap_repair_any,leave_out:271828,2,400,0.0,24.0,0.0,0.0,0.13797620467498012,0.0,0.0,
qwen,math,strict_all_wrong,long_repair_any,all_seeds,3,400,4.0,38.0,0.10526315789473684,0.04170257347553526,0.2413052172288731,0.0,0.2608695652173913,
qwen,math,strict_all_wrong,long_repair_any,leave_out:42,2,400,3.0,25.0,0.12,0.041668171504403634,0.2995579392092732,0.0,0.2857142857142857,
qwen,math,strict_all_wrong,long_repair_any,leave_out:314159,2,400,4.0,27.0,0.14814814814814814,0.05915927776244331,0.3247868542781298,0.0,0.3448275862068966,
qwen,math,strict_all_wrong,long_repair_any,leave_out:271828,2,400,1.0,24.0,0.041666666666666664,0.00739345616550581,0.20241806478655933,0.0,0.15,
qwen,math,strict_all_wrong,incremental_plurality_helpful,all_seeds,3,400,0.0,38.0,0.0,0.0,0.09180986822558392,0.0,0.0,
qwen,math,strict_all_wrong,incremental_plurality_helpful,leave_out:42,2,400,0.0,25.0,0.0,0.0,0.13319225093904843,0.0,0.0,
qwen,math,strict_all_wrong,incremental_plurality_helpful,leave_out:314159,2,400,0.0,27.0,0.0,0.0,0.12455502974186704,0.0,0.0,
qwen,math,strict_all_wrong,incremental_plurality_helpful,leave_out:271828,2,400,0.0,24.0,0.0,0.0,0.13797620467498012,0.0,0.0,
qwen,math,strict_all_wrong,incremental_plurality_harmful,all_seeds,3,400,0.0,38.0,0.0,0.0,0.09180986822558392,0.0,0.0,
qwen,math,strict_all_wrong,incremental_plurality_harmful,leave_out:42,2,400,0.0,25.0,0.0,0.0,0.13319225093904843,0.0,0.0,
qwen,math,strict_all_wrong,incremental_plurality_harmful,leave_out:314159,2,400,0.0,27.0,0.0,0.0,0.12455502974186704,0.0,0.0,
qwen,math,strict_all_wrong,incremental_plurality_harmful,leave_out:271828,2,400,0.0,24.0,0.0,0.0,0.13797620467498012,0.0,0.0,
qwen,math,strict_all_wrong,incremental_net,all_seeds,3,400,0.0,38.0,0.0,,,0.0,0.0,
qwen,math,strict_all_wrong,incremental_net,leave_out:42,2,400,0.0,25.0,0.0,,,0.0,0.0,
qwen,math,strict_all_wrong,incremental_net,leave_out:314159,2,400,0.0,27.0,0.0,,,0.0,0.0,
qwen,math,strict_all_wrong,incremental_net,leave_out:271828,2,400,0.0,24.0,0.0,,,0.0,0.0,
qwen,math,plurality_wrong,samecap_repair_plurality,all_seeds,3,400,1.0,44.0,0.022727272727272728,0.004023252060053231,0.11807709698213281,0.0,0.08108108108108109,
qwen,math,plurality_wrong,samecap_repair_plurality,leave_out:42,2,400,1.0,29.0,0.034482758620689655,0.006113214292762653,0.17175521879320282,0.0,0.12,
qwen,math,plurality_wrong,samecap_repair_plurality,leave_out:314159,2,400,1.0,30.0,0.03333333333333333,0.005908590381612455,0.1667039099140917,0.0,0.11764705882352941,
qwen,math,plurality_wrong,samecap_repair_plurality,leave_out:271828,2,400,0.0,29.0,0.0,0.0,0.11696979849974071,0.0,0.0,
qwen,math,plurality_wrong,long_repair_plurality,all_seeds,3,400,1.0,44.0,0.022727272727272728,0.004023252060053231,0.11807709698213281,0.0,0.08108108108108109,
qwen,math,plurality_wrong,long_repair_plurality,leave_out:42,2,400,1.0,29.0,0.034482758620689655,0.006113214292762653,0.17175521879320282,0.0,0.12,
qwen,math,plurality_wrong,long_repair_plurality,leave_out:314159,2,400,1.0,30.0,0.03333333333333333,0.005908590381612455,0.1667039099140917,0.0,0.11764705882352941,
qwen,math,plurality_wrong,long_repair_plurality,leave_out:271828,2,400,0.0,29.0,0.0,0.0,0.11696979849974071,0.0,0.0,
qwen,math,plurality_wrong,samecap_repair_any,all_seeds,3,400,2.0,44.0,0.045454545454545456,0.012555109949594967,0.15134998437629651,0.0,0.11627906976744186,
qwen,math,plurality_wrong,samecap_repair_any,leave_out:42,2,400,2.0,29.0,0.06896551724137931,0.019121266169433368,0.21964580150275687,0.0,0.17391304347826086,
qwen,math,plurality_wrong,samecap_repair_any,leave_out:314159,2,400,2.0,30.0,0.06666666666666667,0.01847702379127039,0.21323458362616918,0.0,0.1724137931034483,
qwen,math,plurality_wrong,samecap_repair_any,leave_out:271828,2,400,0.0,29.0,0.0,0.0,0.11696979849974071,0.0,0.0,
qwen,math,plurality_wrong,long_repair_any,all_seeds,3,400,4.0,44.0,0.09090909090909091,0.03592219322731627,0.2115923916659861,0.0,0.21568627450980393,
qwen,math,plurality_wrong,long_repair_any,leave_out:42,2,400,3.0,29.0,0.10344827586206896,0.035814891350677044,0.26385081090773793,0.0,0.23338235294117576,
qwen,math,plurality_wrong,long_repair_any,leave_out:314159,2,400,4.0,30.0,0.13333333333333333,0.053096554840547455,0.2968132668203629,0.0,0.3,
qwen,math,plurality_wrong,long_repair_any,leave_out:271828,2,400,1.0,29.0,0.034482758620689655,0.006113214292762653,0.17175521879320282,0.0,0.12121212121212122,
qwen,math,plurality_wrong,incremental_plurality_helpful,all_seeds,3,400,0.0,44.0,0.0,0.0,0.08029560375848063,0.0,0.0,
qwen,math,plurality_wrong,incremental_plurality_helpful,leave_out:42,2,400,0.0,29.0,0.0,0.0,0.11696979849974071,0.0,0.0,
qwen,math,plurality_wrong,incremental_plurality_helpful,leave_out:314159,2,400,0.0,30.0,0.0,0.0,0.11351339317396873,0.0,0.0,
qwen,math,plurality_wrong,incremental_plurality_helpful,leave_out:271828,2,400,0.0,29.0,0.0,0.0,0.11696979849974071,0.0,0.0,
qwen,math,plurality_wrong,incremental_plurality_harmful,all_seeds,3,400,0.0,44.0,0.0,0.0,0.08029560375848063,0.0,0.0,
qwen,math,plurality_wrong,incremental_plurality_harmful,leave_out:42,2,400,0.0,29.0,0.0,0.0,0.11696979849974071,0.0,0.0,
qwen,math,plurality_wrong,incremental_plurality_harmful,leave_out:314159,2,400,0.0,30.0,0.0,0.0,0.11351339317396873,0.0,0.0,
qwen,math,plurality_wrong,incremental_plurality_harmful,leave_out:271828,2,400,0.0,29.0,0.0,0.0,0.11696979849974071,0.0,0.0,
qwen,math,plurality_wrong,incremental_net,all_seeds,3,400,0.0,44.0,0.0,,,0.0,0.0,
qwen,math,plurality_wrong,incremental_net,leave_out:42,2,400,0.0,29.0,0.0,,,0.0,0.0,
qwen,math,plurality_wrong,incremental_net,leave_out:314159,2,400,0.0,30.0,0.0,,,0.0,0.0,
qwen,math,plurality_wrong,incremental_net,leave_out:271828,2,400,0.0,29.0,0.0,,,0.0,0.0,
qwen,math,first_chain_wrong,samecap_repair_plurality,all_seeds,3,400,17.0,102.0,0.16666666666666666,0.10674216558718028,0.25078747584379524,0.08791208791208792,0.2688194632691786,
qwen,math,first_chain_wrong,samecap_repair_plurality,leave_out:42,2,400,8.0,67.0,0.11940298507462686,0.06176232533504482,0.21832025838072217,0.047619047619047616,0.21311475409836064,
qwen,math,first_chain_wrong,samecap_repair_plurality,leave_out:314159,2,400,12.0,70.0,0.17142857142857143,0.1008772464052925,0.2761664803214543,0.07462686567164178,0.28846153846153844,
qwen,math,first_chain_wrong,samecap_repair_plurality,leave_out:271828,2,400,14.0,67.0,0.208955223880597,0.12875685189029126,0.3207180650688247,0.11267605633802817,0.32787525614754087,
qwen,math,first_chain_wrong,long_repair_plurality,all_seeds,3,400,18.0,102.0,0.17647058823529413,0.11464315184549352,0.26178267660221805,0.09615384615384616,0.2804878048780488,
qwen,math,first_chain_wrong,long_repair_plurality,leave_out:42,2,400,8.0,67.0,0.11940298507462686,0.06176232533504482,0.21832025838072217,0.047619047619047616,0.21311475409836064,
qwen,math,first_chain_wrong,long_repair_plurality,leave_out:314159,2,400,13.0,70.0,0.18571428571428572,0.11187300001902035,0.29225578206743313,0.08695652173913043,0.3055555555555556,
qwen,math,first_chain_wrong,long_repair_plurality,leave_out:271828,2,400,15.0,67.0,0.22388059701492538,0.14063731129193663,0.3370696612077375,0.1232876712328767,0.3484848484848485,
qwen,math,first_chain_wrong,samecap_repair_any,all_seeds,3,400,32.0,102.0,0.3137254901960784,0.2318297470023563,0.4091426996796595,0.2,0.44565217391304346,
qwen,math,first_chain_wrong,samecap_repair_any,leave_out:42,2,400,19.0,67.0,0.2835820895522388,0.18970281181710186,0.40093238284480487,0.1694915254237288,0.412707039337474,
qwen,math,first_chain_wrong,samecap_repair_any,leave_out:314159,2,400,23.0,70.0,0.32857142857142857,0.22998869307186082,0.44499064261165916,0.19736378799110452,0.47619047619047616,
qwen,math,first_chain_wrong,samecap_repair_any,leave_out:271828,2,400,22.0,67.0,0.3283582089552239,0.22791317376089598,0.4474181875226853,0.2028985507246377,0.4722348484848483,
qwen,math,first_chain_wrong,long_repair_any,all_seeds,3,400,38.0,102.0,0.37254901960784315,0.2849497607818803,0.4693998080005516,0.25,0.5125026260504201,
qwen,math,first_chain_wrong,long_repair_any,leave_out:42,2,400,22.0,67.0,0.3283582089552239,0.22791317376089598,0.4474181875226853,0.20270270270270271,0.4714285714285714,
qwen,math,first_chain_wrong,long_repair_any,leave_out:314159,2,400,29.0,70.0,0.4142857142857143,0.30630178568736466,0.5311878821543954,0.27630444646098007,0.5671641791044776,
qwen,math,first_chain_wrong,long_repair_any,leave_out:271828,2,400,25.0,67.0,0.373134328358209,0.2671815998117199,0.49284592809353595,0.24324324324324326,0.5200136986301368,
qwen,math,first_chain_wrong,incremental_plurality_helpful,all_seeds,3,400,1.0,102.0,0.00980392156862745,0.0017327343974216577,0.053457914765777534,0.0,0.033707865168539325,
qwen,math,first_chain_wrong,incremental_plurality_helpful,leave_out:42,2,400,0.0,67.0,0.0,0.0,0.05422613939130177,0.0,0.0,
qwen,math,first_chain_wrong,incremental_plurality_helpful,leave_out:314159,2,400,1.0,70.0,0.014285714285714285,0.002526246457890312,0.07658187131208324,0.0,0.04838709677419355,
qwen,math,first_chain_wrong,incremental_plurality_helpful,leave_out:271828,2,400,1.0,67.0,0.014925373134328358,0.002639571734078895,0.07981862319778105,0.0,0.05,
qwen,math,first_chain_wrong,incremental_plurality_harmful,all_seeds,3,400,0.0,102.0,0.0,0.0,0.036294462146463174,0.0,0.0,
qwen,math,first_chain_wrong,incremental_plurality_harmful,leave_out:42,2,400,0.0,67.0,0.0,0.0,0.05422613939130177,0.0,0.0,
qwen,math,first_chain_wrong,incremental_plurality_harmful,leave_out:314159,2,400,0.0,70.0,0.0,3.469446951953614e-18,0.0520230624102669,0.0,0.0,
qwen,math,first_chain_wrong,incremental_plurality_harmful,leave_out:271828,2,400,0.0,67.0,0.0,0.0,0.05422613939130177,0.0,0.0,
qwen,math,first_chain_wrong,incremental_net,all_seeds,3,400,1.0,102.0,0.00980392156862745,,,0.0,0.033707865168539325,
qwen,math,first_chain_wrong,incremental_net,leave_out:42,2,400,0.0,67.0,0.0,,,0.0,0.0,
qwen,math,first_chain_wrong,incremental_net,leave_out:314159,2,400,1.0,70.0,0.014285714285714285,,,0.0,0.04838709677419355,
qwen,math,first_chain_wrong,incremental_net,leave_out:271828,2,400,1.0,67.0,0.014925373134328358,,,0.0,0.05,
qwen,all,complete_plurality_correct,harm,all_seeds,3,800,5.0,1851.0,0.002701242571582928,0.001154344297070069,0.0063079963546719435,0.0005321909005469183,0.005926724137931034,A_to_B_resampling
qwen,all,complete_plurality_correct,harm,leave_out:42,2,800,4.0,1228.0,0.003257328990228013,0.0012674185098533572,0.008345392242620072,0.0007987220447284345,0.006705783738474434,A_to_B_resampling
qwen,all,complete_plurality_correct,harm,leave_out:314159,2,800,4.0,1232.0,0.003246753246753247,0.0012633012243104744,0.008318396117348444,0.0007974481658692185,0.0066945606694560665,A_to_B_resampling
qwen,all,complete_plurality_correct,harm,leave_out:271828,2,800,2.0,1242.0,0.001610305958132045,0.0004417151079892166,0.005852391389411184,0.0,0.0049382716049382715,A_to_B_resampling
qwen,all,complete_plurality_correct,certain_harm,all_seeds,3,800,3.0,1851.0,0.0016207455429497568,0.0005513494445148564,0.004754472664373798,0.0,0.004357298474945534,A_to_B_resampling
qwen,all,complete_plurality_correct,certain_harm,leave_out:42,2,800,2.0,1228.0,0.0016286644951140066,0.00044675223008243566,0.0059188874101040205,0.0,0.00412209656662286,A_to_B_resampling
qwen,all,complete_plurality_correct,certain_harm,leave_out:314159,2,800,2.0,1232.0,0.0016233766233766235,0.00044530136773876733,0.00589973485412165,0.0,0.004111842105263158,A_to_B_resampling
qwen,all,complete_plurality_correct,certain_harm,leave_out:271828,2,800,2.0,1242.0,0.001610305958132045,0.0004417151079892166,0.005852391389411184,0.0,0.0049382716049382715,A_to_B_resampling
qwen,all,complete_plurality_correct,possible_harm,all_seeds,3,800,9.0,1851.0,0.004862236628849271,0.0025601526250857306,0.009215225112363,0.0011104480019107396,0.009382027967424968,A_to_B_resampling
qwen,all,complete_plurality_correct,possible_harm,leave_out:42,2,800,6.0,1228.0,0.004885993485342019,0.0022411607806726644,0.010618821084087736,0.0008071025020177562,0.010620915032679739,A_to_B_resampling
qwen,all,complete_plurality_correct,possible_harm,leave_out:314159,2,800,6.0,1232.0,0.00487012987012987,0.0022338782340248498,0.010584480227432568,0.0016025641025641025,0.009038619556285949,A_to_B_resampling
qwen,all,complete_plurality_correct,possible_harm,leave_out:271828,2,800,6.0,1242.0,0.004830917874396135,0.0022158772616015345,0.010499592037108072,0.0008103563671677636,0.009787928221859706,A_to_B_resampling
qwen,all,complete_all_correct,harm,all_seeds,3,800,0.0,1753.0,0.0,0.0,0.0021865711338988777,0.0,0.0,A_to_B_resampling
qwen,all,complete_all_correct,harm,leave_out:42,2,800,0.0,1167.0,0.0,2.168404344971009e-19,0.003280938500899476,0.0,0.0,A_to_B_resampling
qwen,all,complete_all_correct,harm,leave_out:314159,2,800,0.0,1168.0,0.0,0.0,0.0032781386865762987,0.0,0.0,A_to_B_resampling
qwen,all,complete_all_correct,harm,leave_out:271828,2,800,0.0,1171.0,0.0,0.0,0.003269767841313823,0.0,0.0,A_to_B_resampling
qwen,all,complete_all_correct,certain_harm,all_seeds,3,800,0.0,1753.0,0.0,0.0,0.0021865711338988777,0.0,0.0,A_to_B_resampling
qwen,all,complete_all_correct,certain_harm,leave_out:42,2,800,0.0,1167.0,0.0,2.168404344971009e-19,0.003280938500899476,0.0,0.0,A_to_B_resampling
qwen,all,complete_all_correct,certain_harm,leave_out:314159,2,800,0.0,1168.0,0.0,0.0,0.0032781386865762987,0.0,0.0,A_to_B_resampling
qwen,all,complete_all_correct,certain_harm,leave_out:271828,2,800,0.0,1171.0,0.0,0.0,0.003269767841313823,0.0,0.0,A_to_B_resampling
qwen,all,complete_all_correct,possible_harm,all_seeds,3,800,0.0,1753.0,0.0,0.0,0.0021865711338988777,0.0,0.0,A_to_B_resampling
qwen,all,complete_all_correct,possible_harm,leave_out:42,2,800,0.0,1167.0,0.0,2.168404344971009e-19,0.003280938500899476,0.0,0.0,A_to_B_resampling
qwen,all,complete_all_correct,possible_harm,leave_out:314159,2,800,0.0,1168.0,0.0,0.0,0.0032781386865762987,0.0,0.0,A_to_B_resampling
qwen,all,complete_all_correct,possible_harm,leave_out:271828,2,800,0.0,1171.0,0.0,0.0,0.003269767841313823,0.0,0.0,A_to_B_resampling
qwen,all,complete_plurality_correct,harm,all_seeds,3,800,4.0,1851.0,0.0021609940572663426,0.0008406793797394972,0.0055434020005758365,0.0005307855626326964,0.004451988225501182,A_to_C_combined
qwen,all,complete_plurality_correct,harm,leave_out:42,2,800,4.0,1228.0,0.003257328990228013,0.0012674185098533572,0.008345392242620072,0.0007987220447284345,0.006705783738474434,A_to_C_combined
qwen,all,complete_plurality_correct,harm,leave_out:314159,2,800,3.0,1232.0,0.002435064935064935,0.0008284798412217511,0.007134886940537916,0.0,0.005672724416735346,A_to_C_combined
qwen,all,complete_plurality_correct,harm,leave_out:271828,2,800,1.0,1242.0,0.0008051529790660225,0.00014214341307898417,0.0045466223839941144,0.0,0.0024691358024691358,A_to_C_combined
qwen,all,complete_plurality_correct,certain_harm,all_seeds,3,800,2.0,1851.0,0.0010804970286331713,0.0002963612836769901,0.003931201553784986,0.0,0.002733734281027884,A_to_C_combined
qwen,all,complete_plurality_correct,certain_harm,leave_out:42,2,800,2.0,1228.0,0.0016286644951140066,0.00044675223008243566,0.0059188874101040205,0.0,0.00412209656662286,A_to_C_combined
qwen,all,complete_plurality_correct,certain_harm,leave_out:314159,2,800,1.0,1232.0,0.0008116883116883117,0.00014329729029138134,0.004583408371669786,0.0,0.0025041736227045075,A_to_C_combined
qwen,all,complete_plurality_correct,certain_harm,leave_out:271828,2,800,1.0,1242.0,0.0008051529790660225,0.00014214341307898417,0.0045466223839941144,0.0,0.0024691358024691358,A_to_C_combined
qwen,all,complete_plurality_correct,possible_harm,all_seeds,3,800,8.0,1851.0,0.004321988114532685,0.0021916317952854814,0.00850548667073657,0.0010851871947911015,0.008430148546326798,A_to_C_combined
qwen,all,complete_plurality_correct,possible_harm,leave_out:42,2,800,6.0,1228.0,0.004885993485342019,0.0022411607806726644,0.010618821084087736,0.0008071025020177562,0.010620915032679739,A_to_C_combined
qwen,all,complete_plurality_correct,possible_harm,leave_out:314159,2,800,5.0,1232.0,0.004058441558441558,0.0017347317812677061,0.00946529612029046,0.0008136531121210317,0.008058017727639,A_to_C_combined
qwen,all,complete_plurality_correct,possible_harm,leave_out:271828,2,800,5.0,1242.0,0.004025764895330112,0.001720754872828654,0.009389373725553651,0.0008058017727639,0.007987380063999915,A_to_C_combined
qwen,all,complete_all_correct,harm,all_seeds,3,800,0.0,1753.0,0.0,0.0,0.0021865711338988777,0.0,0.0,A_to_C_combined
qwen,all,complete_all_correct,harm,leave_out:42,2,800,0.0,1167.0,0.0,2.168404344971009e-19,0.003280938500899476,0.0,0.0,A_to_C_combined
qwen,all,complete_all_correct,harm,leave_out:314159,2,800,0.0,1168.0,0.0,0.0,0.0032781386865762987,0.0,0.0,A_to_C_combined
qwen,all,complete_all_correct,harm,leave_out:271828,2,800,0.0,1171.0,0.0,0.0,0.003269767841313823,0.0,0.0,A_to_C_combined
qwen,all,complete_all_correct,certain_harm,all_seeds,3,800,0.0,1753.0,0.0,0.0,0.0021865711338988777,0.0,0.0,A_to_C_combined
qwen,all,complete_all_correct,certain_harm,leave_out:42,2,800,0.0,1167.0,0.0,2.168404344971009e-19,0.003280938500899476,0.0,0.0,A_to_C_combined
qwen,all,complete_all_correct,certain_harm,leave_out:314159,2,800,0.0,1168.0,0.0,0.0,0.0032781386865762987,0.0,0.0,A_to_C_combined
qwen,all,complete_all_correct,certain_harm,leave_out:271828,2,800,0.0,1171.0,0.0,0.0,0.003269767841313823,0.0,0.0,A_to_C_combined
qwen,all,complete_all_correct,possible_harm,all_seeds,3,800,0.0,1753.0,0.0,0.0,0.0021865711338988777,0.0,0.0,A_to_C_combined
qwen,all,complete_all_correct,possible_harm,leave_out:42,2,800,0.0,1167.0,0.0,2.168404344971009e-19,0.003280938500899476,0.0,0.0,A_to_C_combined
qwen,all,complete_all_correct,possible_harm,leave_out:314159,2,800,0.0,1168.0,0.0,0.0,0.0032781386865762987,0.0,0.0,A_to_C_combined
qwen,all,complete_all_correct,possible_harm,leave_out:271828,2,800,0.0,1171.0,0.0,0.0,0.003269767841313823,0.0,0.0,A_to_C_combined
qwen,all,complete_plurality_correct,harm,all_seeds,3,800,0.0,1851.0,0.0,0.0,0.0020710442946086176,0.0,0.0,B_to_C_tokens
qwen,all,complete_plurality_correct,harm,leave_out:42,2,800,0.0,1228.0,0.0,0.0,0.003118468527899484,0.0,0.0,B_to_C_tokens
qwen,all,complete_plurality_correct,harm,leave_out:314159,2,800,0.0,1232.0,0.0,0.0,0.003108375102061917,0.0,0.0,B_to_C_tokens
qwen,all,complete_plurality_correct,harm,leave_out:271828,2,800,0.0,1242.0,0.0,0.0,0.0030834250967457975,0.0,0.0,B_to_C_tokens
qwen,all,complete_plurality_correct,certain_harm,all_seeds,3,800,0.0,1851.0,0.0,0.0,0.0020710442946086176,0.0,0.0,B_to_C_tokens
qwen,all,complete_plurality_correct,certain_harm,leave_out:42,2,800,0.0,1228.0,0.0,0.0,0.003118468527899484,0.0,0.0,B_to_C_tokens
qwen,all,complete_plurality_correct,certain_harm,leave_out:314159,2,800,0.0,1232.0,0.0,0.0,0.003108375102061917,0.0,0.0,B_to_C_tokens
qwen,all,complete_plurality_correct,certain_harm,leave_out:271828,2,800,0.0,1242.0,0.0,0.0,0.0030834250967457975,0.0,0.0,B_to_C_tokens
qwen,all,complete_plurality_correct,possible_harm,all_seeds,3,800,5.0,1851.0,0.002701242571582928,0.001154344297070069,0.0063079963546719435,0.0005411255411255411,0.005367686527106817,B_to_C_tokens
qwen,all,complete_plurality_correct,possible_harm,leave_out:42,2,800,3.0,1228.0,0.0024429967426710096,0.0008311795782072317,0.007158045618122711,0.0,0.0056865493715863216,B_to_C_tokens
qwen,all,complete_plurality_correct,possible_harm,leave_out:314159,2,800,3.0,1232.0,0.002435064935064935,0.0008284798412217511,0.007134886940537916,0.0,0.005654281098546042,B_to_C_tokens
qwen,all,complete_plurality_correct,possible_harm,leave_out:271828,2,800,4.0,1242.0,0.00322061191626409,0.0012531241011195814,0.008251663796935422,0.0007874015748031496,0.006628003314001657,B_to_C_tokens
qwen,all,complete_all_correct,harm,all_seeds,3,800,0.0,1753.0,0.0,0.0,0.0021865711338988777,0.0,0.0,B_to_C_tokens
qwen,all,complete_all_correct,harm,leave_out:42,2,800,0.0,1167.0,0.0,2.168404344971009e-19,0.003280938500899476,0.0,0.0,B_to_C_tokens
qwen,all,complete_all_correct,harm,leave_out:314159,2,800,0.0,1168.0,0.0,0.0,0.0032781386865762987,0.0,0.0,B_to_C_tokens
qwen,all,complete_all_correct,harm,leave_out:271828,2,800,0.0,1171.0,0.0,0.0,0.003269767841313823,0.0,0.0,B_to_C_tokens
qwen,all,complete_all_correct,certain_harm,all_seeds,3,800,0.0,1753.0,0.0,0.0,0.0021865711338988777,0.0,0.0,B_to_C_tokens
qwen,all,complete_all_correct,certain_harm,leave_out:42,2,800,0.0,1167.0,0.0,2.168404344971009e-19,0.003280938500899476,0.0,0.0,B_to_C_tokens
qwen,all,complete_all_correct,certain_harm,leave_out:314159,2,800,0.0,1168.0,0.0,0.0,0.0032781386865762987,0.0,0.0,B_to_C_tokens
qwen,all,complete_all_correct,certain_harm,leave_out:271828,2,800,0.0,1171.0,0.0,0.0,0.003269767841313823,0.0,0.0,B_to_C_tokens
qwen,all,complete_all_correct,possible_harm,all_seeds,3,800,0.0,1753.0,0.0,0.0,0.0021865711338988777,0.0,0.0,B_to_C_tokens
qwen,all,complete_all_correct,possible_harm,leave_out:42,2,800,0.0,1167.0,0.0,2.168404344971009e-19,0.003280938500899476,0.0,0.0,B_to_C_tokens
qwen,all,complete_all_correct,possible_harm,leave_out:314159,2,800,0.0,1168.0,0.0,0.0,0.0032781386865762987,0.0,0.0,B_to_C_tokens
qwen,all,complete_all_correct,possible_harm,leave_out:271828,2,800,0.0,1171.0,0.0,0.0,0.003269767841313823,0.0,0.0,B_to_C_tokens
qwen,gsm8k,complete_plurality_correct,harm,all_seeds,3,400,2.0,1133.0,0.00176522506619594,0.0004842219333587869,0.00641336150701687,0.0,0.0044365572315882874,A_to_B_resampling
qwen,gsm8k,complete_plurality_correct,harm,leave_out:42,2,400,2.0,753.0,0.0026560424966799467,0.0007286850942114752,0.009632082975910686,0.0,0.0066844919786096255,A_to_B_resampling
qwen,gsm8k,complete_plurality_correct,harm,leave_out:314159,2,400,2.0,754.0,0.002652519893899204,0.0007277182674284774,0.009619378383758325,0.0,0.006675567423230975,A_to_B_resampling
qwen,gsm8k,complete_plurality_correct,harm,leave_out:271828,2,400,0.0,759.0,0.0,0.0,0.0050357237093966835,0.0,0.0,A_to_B_resampling
qwen,gsm8k,complete_plurality_correct,certain_harm,all_seeds,3,400,0.0,1133.0,0.0,0.0,0.003379062921121009,0.0,0.0,A_to_B_resampling
qwen,gsm8k,complete_plurality_correct,certain_harm,leave_out:42,2,400,0.0,753.0,0.0,4.336808689942018e-19,0.005075645336184228,0.0,0.0,A_to_B_resampling
qwen,gsm8k,complete_plurality_correct,certain_harm,leave_out:314159,2,400,0.0,754.0,0.0,0.0,0.005068947833326463,0.0,0.0,A_to_B_resampling
qwen,gsm8k,complete_plurality_correct,certain_harm,leave_out:271828,2,400,0.0,759.0,0.0,0.0,0.0050357237093966835,0.0,0.0,A_to_B_resampling
qwen,gsm8k,complete_plurality_correct,possible_harm,all_seeds,3,400,4.0,1133.0,0.00353045013239188,0.0013737535835723126,0.009042350376057991,0.0,0.008115419296663661,A_to_B_resampling
qwen,gsm8k,complete_plurality_correct,possible_harm,leave_out:42,2,400,3.0,753.0,0.00398406374501992,0.0013558465417943524,0.011647482895296775,0.0,0.010638297872340425,A_to_B_resampling
qwen,gsm8k,complete_plurality_correct,possible_harm,leave_out:314159,2,400,3.0,754.0,0.003978779840848806,0.0013540471360077196,0.01163212392410925,0.0,0.009234828496042216,A_to_B_resampling
qwen,gsm8k,complete_plurality_correct,possible_harm,leave_out:271828,2,400,2.0,759.0,0.002635046113306983,0.0007229223637669323,0.00955635484386745,0.0,0.006640106241699867,A_to_B_resampling
qwen,gsm8k,complete_all_correct,harm,all_seeds,3,400,0.0,1081.0,0.0,0.0,0.0035410324609736837,0.0,0.0,A_to_B_resampling
qwen,gsm8k,complete_all_correct,harm,leave_out:42,2,400,0.0,721.0,0.0,0.0,0.0052997228206898075,0.0,0.0,A_to_B_resampling
qwen,gsm8k,complete_all_correct,harm,leave_out:314159,2,400,0.0,718.0,0.0,0.0,0.005321748666210019,0.0,0.0,A_to_B_resampling
qwen,gsm8k,complete_all_correct,harm,leave_out:271828,2,400,0.0,723.0,0.0,4.336808689942018e-19,0.005285139935367639,0.0,0.0,A_to_B_resampling
qwen,gsm8k,complete_all_correct,certain_harm,all_seeds,3,400,0.0,1081.0,0.0,0.0,0.0035410324609736837,0.0,0.0,A_to_B_resampling
qwen,gsm8k,complete_all_correct,certain_harm,leave_out:42,2,400,0.0,721.0,0.0,0.0,0.0052997228206898075,0.0,0.0,A_to_B_resampling
qwen,gsm8k,complete_all_correct,certain_harm,leave_out:314159,2,400,0.0,718.0,0.0,0.0,0.005321748666210019,0.0,0.0,A_to_B_resampling
qwen,gsm8k,complete_all_correct,certain_harm,leave_out:271828,2,400,0.0,723.0,0.0,4.336808689942018e-19,0.005285139935367639,0.0,0.0,A_to_B_resampling
qwen,gsm8k,complete_all_correct,possible_harm,all_seeds,3,400,0.0,1081.0,0.0,0.0,0.0035410324609736837,0.0,0.0,A_to_B_resampling
qwen,gsm8k,complete_all_correct,possible_harm,leave_out:42,2,400,0.0,721.0,0.0,0.0,0.0052997228206898075,0.0,0.0,A_to_B_resampling
qwen,gsm8k,complete_all_correct,possible_harm,leave_out:314159,2,400,0.0,718.0,0.0,0.0,0.005321748666210019,0.0,0.0,A_to_B_resampling
qwen,gsm8k,complete_all_correct,possible_harm,leave_out:271828,2,400,0.0,723.0,0.0,4.336808689942018e-19,0.005285139935367639,0.0,0.0,A_to_B_resampling
qwen,gsm8k,complete_plurality_correct,harm,all_seeds,3,400,2.0,1133.0,0.00176522506619594,0.0004842219333587869,0.00641336150701687,0.0,0.0044365572315882874,A_to_C_combined
qwen,gsm8k,complete_plurality_correct,harm,leave_out:42,2,400,2.0,753.0,0.0026560424966799467,0.0007286850942114752,0.009632082975910686,0.0,0.0066844919786096255,A_to_C_combined
qwen,gsm8k,complete_plurality_correct,harm,leave_out:314159,2,400,2.0,754.0,0.002652519893899204,0.0007277182674284774,0.009619378383758325,0.0,0.006675567423230975,A_to_C_combined
qwen,gsm8k,complete_plurality_correct,harm,leave_out:271828,2,400,0.0,759.0,0.0,0.0,0.0050357237093966835,0.0,0.0,A_to_C_combined
qwen,gsm8k,complete_plurality_correct,certain_harm,all_seeds,3,400,0.0,1133.0,0.0,0.0,0.003379062921121009,0.0,0.0,A_to_C_combined
qwen,gsm8k,complete_plurality_correct,certain_harm,leave_out:42,2,400,0.0,753.0,0.0,4.336808689942018e-19,0.005075645336184228,0.0,0.0,A_to_C_combined
qwen,gsm8k,complete_plurality_correct,certain_harm,leave_out:314159,2,400,0.0,754.0,0.0,0.0,0.005068947833326463,0.0,0.0,A_to_C_combined
qwen,gsm8k,complete_plurality_correct,certain_harm,leave_out:271828,2,400,0.0,759.0,0.0,0.0,0.0050357237093966835,0.0,0.0,A_to_C_combined
qwen,gsm8k,complete_plurality_correct,possible_harm,all_seeds,3,400,4.0,1133.0,0.00353045013239188,0.0013737535835723126,0.009042350376057991,0.0,0.008115419296663661,A_to_C_combined
qwen,gsm8k,complete_plurality_correct,possible_harm,leave_out:42,2,400,3.0,753.0,0.00398406374501992,0.0013558465417943524,0.011647482895296775,0.0,0.010638297872340425,A_to_C_combined
qwen,gsm8k,complete_plurality_correct,possible_harm,leave_out:314159,2,400,3.0,754.0,0.003978779840848806,0.0013540471360077196,0.01163212392410925,0.0,0.009234828496042216,A_to_C_combined
qwen,gsm8k,complete_plurality_correct,possible_harm,leave_out:271828,2,400,2.0,759.0,0.002635046113306983,0.0007229223637669323,0.00955635484386745,0.0,0.006640106241699867,A_to_C_combined
qwen,gsm8k,complete_all_correct,harm,all_seeds,3,400,0.0,1081.0,0.0,0.0,0.0035410324609736837,0.0,0.0,A_to_C_combined
qwen,gsm8k,complete_all_correct,harm,leave_out:42,2,400,0.0,721.0,0.0,0.0,0.0052997228206898075,0.0,0.0,A_to_C_combined
qwen,gsm8k,complete_all_correct,harm,leave_out:314159,2,400,0.0,718.0,0.0,0.0,0.005321748666210019,0.0,0.0,A_to_C_combined
qwen,gsm8k,complete_all_correct,harm,leave_out:271828,2,400,0.0,723.0,0.0,4.336808689942018e-19,0.005285139935367639,0.0,0.0,A_to_C_combined
qwen,gsm8k,complete_all_correct,certain_harm,all_seeds,3,400,0.0,1081.0,0.0,0.0,0.0035410324609736837,0.0,0.0,A_to_C_combined
qwen,gsm8k,complete_all_correct,certain_harm,leave_out:42,2,400,0.0,721.0,0.0,0.0,0.0052997228206898075,0.0,0.0,A_to_C_combined
qwen,gsm8k,complete_all_correct,certain_harm,leave_out:314159,2,400,0.0,718.0,0.0,0.0,0.005321748666210019,0.0,0.0,A_to_C_combined
qwen,gsm8k,complete_all_correct,certain_harm,leave_out:271828,2,400,0.0,723.0,0.0,4.336808689942018e-19,0.005285139935367639,0.0,0.0,A_to_C_combined
qwen,gsm8k,complete_all_correct,possible_harm,all_seeds,3,400,0.0,1081.0,0.0,0.0,0.0035410324609736837,0.0,0.0,A_to_C_combined
qwen,gsm8k,complete_all_correct,possible_harm,leave_out:42,2,400,0.0,721.0,0.0,0.0,0.0052997228206898075,0.0,0.0,A_to_C_combined
qwen,gsm8k,complete_all_correct,possible_harm,leave_out:314159,2,400,0.0,718.0,0.0,0.0,0.005321748666210019,0.0,0.0,A_to_C_combined
qwen,gsm8k,complete_all_correct,possible_harm,leave_out:271828,2,400,0.0,723.0,0.0,4.336808689942018e-19,0.005285139935367639,0.0,0.0,A_to_C_combined
qwen,gsm8k,complete_plurality_correct,harm,all_seeds,3,400,0.0,1133.0,0.0,0.0,0.003379062921121009,0.0,0.0,B_to_C_tokens
qwen,gsm8k,complete_plurality_correct,harm,leave_out:42,2,400,0.0,753.0,0.0,4.336808689942018e-19,0.005075645336184228,0.0,0.0,B_to_C_tokens
qwen,gsm8k,complete_plurality_correct,harm,leave_out:314159,2,400,0.0,754.0,0.0,0.0,0.005068947833326463,0.0,0.0,B_to_C_tokens
qwen,gsm8k,complete_plurality_correct,harm,leave_out:271828,2,400,0.0,759.0,0.0,0.0,0.0050357237093966835,0.0,0.0,B_to_C_tokens
qwen,gsm8k,complete_plurality_correct,certain_harm,all_seeds,3,400,0.0,1133.0,0.0,0.0,0.003379062921121009,0.0,0.0,B_to_C_tokens
qwen,gsm8k,complete_plurality_correct,certain_harm,leave_out:42,2,400,0.0,753.0,0.0,4.336808689942018e-19,0.005075645336184228,0.0,0.0,B_to_C_tokens
qwen,gsm8k,complete_plurality_correct,certain_harm,leave_out:314159,2,400,0.0,754.0,0.0,0.0,0.005068947833326463,0.0,0.0,B_to_C_tokens
qwen,gsm8k,complete_plurality_correct,certain_harm,leave_out:271828,2,400,0.0,759.0,0.0,0.0,0.0050357237093966835,0.0,0.0,B_to_C_tokens
qwen,gsm8k,complete_plurality_correct,possible_harm,all_seeds,3,400,3.0,1133.0,0.00264783759929391,0.000900903430212454,0.007755940269790526,0.0,0.006161971830985915,B_to_C_tokens
qwen,gsm8k,complete_plurality_correct,possible_harm,leave_out:42,2,400,2.0,753.0,0.0026560424966799467,0.0007286850942114752,0.009632082975910686,0.0,0.0066844919786096255,B_to_C_tokens
qwen,gsm8k,complete_plurality_correct,possible_harm,leave_out:314159,2,400,2.0,754.0,0.002652519893899204,0.0007277182674284774,0.009619378383758325,0.0,0.006675567423230975,B_to_C_tokens
qwen,gsm8k,complete_plurality_correct,possible_harm,leave_out:271828,2,400,2.0,759.0,0.002635046113306983,0.0007229223637669323,0.00955635484386745,0.0,0.006640106241699867,B_to_C_tokens
qwen,gsm8k,complete_all_correct,harm,all_seeds,3,400,0.0,1081.0,0.0,0.0,0.0035410324609736837,0.0,0.0,B_to_C_tokens
qwen,gsm8k,complete_all_correct,harm,leave_out:42,2,400,0.0,721.0,0.0,0.0,0.0052997228206898075,0.0,0.0,B_to_C_tokens
qwen,gsm8k,complete_all_correct,harm,leave_out:314159,2,400,0.0,718.0,0.0,0.0,0.005321748666210019,0.0,0.0,B_to_C_tokens
qwen,gsm8k,complete_all_correct,harm,leave_out:271828,2,400,0.0,723.0,0.0,4.336808689942018e-19,0.005285139935367639,0.0,0.0,B_to_C_tokens
qwen,gsm8k,complete_all_correct,certain_harm,all_seeds,3,400,0.0,1081.0,0.0,0.0,0.0035410324609736837,0.0,0.0,B_to_C_tokens
qwen,gsm8k,complete_all_correct,certain_harm,leave_out:42,2,400,0.0,721.0,0.0,0.0,0.0052997228206898075,0.0,0.0,B_to_C_tokens
qwen,gsm8k,complete_all_correct,certain_harm,leave_out:314159,2,400,0.0,718.0,0.0,0.0,0.005321748666210019,0.0,0.0,B_to_C_tokens
qwen,gsm8k,complete_all_correct,certain_harm,leave_out:271828,2,400,0.0,723.0,0.0,4.336808689942018e-19,0.005285139935367639,0.0,0.0,B_to_C_tokens
qwen,gsm8k,complete_all_correct,possible_harm,all_seeds,3,400,0.0,1081.0,0.0,0.0,0.0035410324609736837,0.0,0.0,B_to_C_tokens
qwen,gsm8k,complete_all_correct,possible_harm,leave_out:42,2,400,0.0,721.0,0.0,0.0,0.0052997228206898075,0.0,0.0,B_to_C_tokens
qwen,gsm8k,complete_all_correct,possible_harm,leave_out:314159,2,400,0.0,718.0,0.0,0.0,0.005321748666210019,0.0,0.0,B_to_C_tokens
qwen,gsm8k,complete_all_correct,possible_harm,leave_out:271828,2,400,0.0,723.0,0.0,4.336808689942018e-19,0.005285139935367639,0.0,0.0,B_to_C_tokens
qwen,math,complete_plurality_correct,harm,all_seeds,3,400,3.0,718.0,0.004178272980501393,0.0014219856921922963,0.01221183749769842,0.0,0.011347517730496455,A_to_B_resampling
qwen,math,complete_plurality_correct,harm,leave_out:42,2,400,2.0,475.0,0.004210526315789474,0.0011554386215209753,0.015220459238297422,0.0,0.010846576440630001,A_to_B_resampling
qwen,math,complete_plurality_correct,harm,leave_out:314159,2,400,2.0,478.0,0.0041841004184100415,0.001148182165571221,0.015125757482308138,0.0,0.010822510822510822,A_to_B_resampling
qwen,math,complete_plurality_correct,harm,leave_out:271828,2,400,2.0,483.0,0.004140786749482402,0.001136288518484488,0.014970513148918636,0.0,0.013015184381778741,A_to_B_resampling
qwen,math,complete_plurality_correct,certain_harm,all_seeds,3,400,3.0,718.0,0.004178272980501393,0.0014219856921922963,0.01221183749769842,0.0,0.011347517730496455,A_to_B_resampling
qwen,math,complete_plurality_correct,certain_harm,leave_out:42,2,400,2.0,475.0,0.004210526315789474,0.0011554386215209753,0.015220459238297422,0.0,0.010846576440630001,A_to_B_resampling
qwen,math,complete_plurality_correct,certain_harm,leave_out:314159,2,400,2.0,478.0,0.0041841004184100415,0.001148182165571221,0.015125757482308138,0.0,0.010822510822510822,A_to_B_resampling
qwen,math,complete_plurality_correct,certain_harm,leave_out:271828,2,400,2.0,483.0,0.004140786749482402,0.001136288518484488,0.014970513148918636,0.0,0.013015184381778741,A_to_B_resampling
qwen,math,complete_plurality_correct,possible_harm,all_seeds,3,400,5.0,718.0,0.006963788300835654,0.0029780750948922297,0.016197131110785613,0.0,0.016516826744099464,A_to_B_resampling
qwen,math,complete_plurality_correct,possible_harm,leave_out:42,2,400,3.0,475.0,0.00631578947368421,0.002150215436555289,0.018402430203051563,0.0,0.017167381974248927,A_to_B_resampling
qwen,math,complete_plurality_correct,possible_harm,leave_out:314159,2,400,3.0,478.0,0.006276150627615063,0.0021367061271909335,0.018287976391372477,0.0,0.014675052410901468,A_to_B_resampling
qwen,math,complete_plurality_correct,possible_harm,leave_out:271828,2,400,4.0,483.0,0.008281573498964804,0.0032251200682673446,0.02109790872508648,0.0,0.01988148542374073,A_to_B_resampling
qwen,math,complete_all_correct,harm,all_seeds,3,400,0.0,672.0,0.0,0.0,0.005683964442485159,0.0,0.0,A_to_B_resampling
qwen,math,complete_all_correct,harm,leave_out:42,2,400,0.0,446.0,0.0,8.673617379884035e-19,0.008539583769723903,0.0,0.0,A_to_B_resampling
qwen,math,complete_all_correct,harm,leave_out:314159,2,400,0.0,450.0,0.0,0.0,0.00846431886297066,0.0,0.0,A_to_B_resampling
qwen,math,complete_all_correct,harm,leave_out:271828,2,400,0.0,448.0,0.0,0.0,0.008501784742640323,0.0,0.0,A_to_B_resampling
qwen,math,complete_all_correct,certain_harm,all_seeds,3,400,0.0,672.0,0.0,0.0,0.005683964442485159,0.0,0.0,A_to_B_resampling
qwen,math,complete_all_correct,certain_harm,leave_out:42,2,400,0.0,446.0,0.0,8.673617379884035e-19,0.008539583769723903,0.0,0.0,A_to_B_resampling
qwen,math,complete_all_correct,certain_harm,leave_out:314159,2,400,0.0,450.0,0.0,0.0,0.00846431886297066,0.0,0.0,A_to_B_resampling
qwen,math,complete_all_correct,certain_harm,leave_out:271828,2,400,0.0,448.0,0.0,0.0,0.008501784742640323,0.0,0.0,A_to_B_resampling
qwen,math,complete_all_correct,possible_harm,all_seeds,3,400,0.0,672.0,0.0,0.0,0.005683964442485159,0.0,0.0,A_to_B_resampling
qwen,math,complete_all_correct,possible_harm,leave_out:42,2,400,0.0,446.0,0.0,8.673617379884035e-19,0.008539583769723903,0.0,0.0,A_to_B_resampling
qwen,math,complete_all_correct,possible_harm,leave_out:314159,2,400,0.0,450.0,0.0,0.0,0.00846431886297066,0.0,0.0,A_to_B_resampling
qwen,math,complete_all_correct,possible_harm,leave_out:271828,2,400,0.0,448.0,0.0,0.0,0.008501784742640323,0.0,0.0,A_to_B_resampling
qwen,math,complete_plurality_correct,harm,all_seeds,3,400,2.0,718.0,0.002785515320334262,0.0007642214309571431,0.010098910251040004,0.0,0.0071841664599354964,A_to_C_combined
qwen,math,complete_plurality_correct,harm,leave_out:42,2,400,2.0,475.0,0.004210526315789474,0.0011554386215209753,0.015220459238297422,0.0,0.010846576440630001,A_to_C_combined
qwen,math,complete_plurality_correct,harm,leave_out:314159,2,400,1.0,478.0,0.0020920502092050207,0.0003693937384498516,0.011753803038745455,0.0,0.0066518847006651885,A_to_C_combined
qwen,math,complete_plurality_correct,harm,leave_out:271828,2,400,1.0,483.0,0.002070393374741201,0.00036556880775304515,0.011633119296674722,0.0,0.006507592190889371,A_to_C_combined
qwen,math,complete_plurality_correct,certain_harm,all_seeds,3,400,2.0,718.0,0.002785515320334262,0.0007642214309571431,0.010098910251040004,0.0,0.0071841664599354964,A_to_C_combined
qwen,math,complete_plurality_correct,certain_harm,leave_out:42,2,400,2.0,475.0,0.004210526315789474,0.0011554386215209753,0.015220459238297422,0.0,0.010846576440630001,A_to_C_combined
qwen,math,complete_plurality_correct,certain_harm,leave_out:314159,2,400,1.0,478.0,0.0020920502092050207,0.0003693937384498516,0.011753803038745455,0.0,0.0066518847006651885,A_to_C_combined
qwen,math,complete_plurality_correct,certain_harm,leave_out:271828,2,400,1.0,483.0,0.002070393374741201,0.00036556880775304515,0.011633119296674722,0.0,0.006507592190889371,A_to_C_combined
qwen,math,complete_plurality_correct,possible_harm,all_seeds,3,400,4.0,718.0,0.005571030640668524,0.0021685345308613945,0.014235980166922882,0.0,0.013440860215053764,A_to_C_combined
qwen,math,complete_plurality_correct,possible_harm,leave_out:42,2,400,3.0,475.0,0.00631578947368421,0.002150215436555289,0.018402430203051563,0.0,0.017167381974248927,A_to_C_combined
qwen,math,complete_plurality_correct,possible_harm,leave_out:314159,2,400,2.0,478.0,0.0041841004184100415,0.001148182165571221,0.015125757482308138,0.0,0.010846576440630001,A_to_C_combined
qwen,math,complete_plurality_correct,possible_harm,leave_out:271828,2,400,3.0,483.0,0.006211180124223602,0.002114563929092945,0.01810035130128553,0.0,0.014492753623188406,A_to_C_combined
qwen,math,complete_all_correct,harm,all_seeds,3,400,0.0,672.0,0.0,0.0,0.005683964442485159,0.0,0.0,A_to_C_combined
qwen,math,complete_all_correct,harm,leave_out:42,2,400,0.0,446.0,0.0,8.673617379884035e-19,0.008539583769723903,0.0,0.0,A_to_C_combined
qwen,math,complete_all_correct,harm,leave_out:314159,2,400,0.0,450.0,0.0,0.0,0.00846431886297066,0.0,0.0,A_to_C_combined
qwen,math,complete_all_correct,harm,leave_out:271828,2,400,0.0,448.0,0.0,0.0,0.008501784742640323,0.0,0.0,A_to_C_combined
qwen,math,complete_all_correct,certain_harm,all_seeds,3,400,0.0,672.0,0.0,0.0,0.005683964442485159,0.0,0.0,A_to_C_combined
qwen,math,complete_all_correct,certain_harm,leave_out:42,2,400,0.0,446.0,0.0,8.673617379884035e-19,0.008539583769723903,0.0,0.0,A_to_C_combined
qwen,math,complete_all_correct,certain_harm,leave_out:314159,2,400,0.0,450.0,0.0,0.0,0.00846431886297066,0.0,0.0,A_to_C_combined
qwen,math,complete_all_correct,certain_harm,leave_out:271828,2,400,0.0,448.0,0.0,0.0,0.008501784742640323,0.0,0.0,A_to_C_combined
qwen,math,complete_all_correct,possible_harm,all_seeds,3,400,0.0,672.0,0.0,0.0,0.005683964442485159,0.0,0.0,A_to_C_combined
qwen,math,complete_all_correct,possible_harm,leave_out:42,2,400,0.0,446.0,0.0,8.673617379884035e-19,0.008539583769723903,0.0,0.0,A_to_C_combined
qwen,math,complete_all_correct,possible_harm,leave_out:314159,2,400,0.0,450.0,0.0,0.0,0.00846431886297066,0.0,0.0,A_to_C_combined
qwen,math,complete_all_correct,possible_harm,leave_out:271828,2,400,0.0,448.0,0.0,0.0,0.008501784742640323,0.0,0.0,A_to_C_combined
qwen,math,complete_plurality_correct,harm,all_seeds,3,400,0.0,718.0,0.0,0.0,0.005321748666210019,0.0,0.0,B_to_C_tokens
qwen,math,complete_plurality_correct,harm,leave_out:42,2,400,0.0,475.0,0.0,8.673617379884035e-19,0.008022402300241482,0.0,0.0,B_to_C_tokens
qwen,math,complete_plurality_correct,harm,leave_out:314159,2,400,0.0,478.0,0.0,0.0,0.007972453906511252,0.0,0.0,B_to_C_tokens
qwen,math,complete_plurality_correct,harm,leave_out:271828,2,400,0.0,483.0,0.0,8.673617379884035e-19,0.007890574541452415,0.0,0.0,B_to_C_tokens
qwen,math,complete_plurality_correct,certain_harm,all_seeds,3,400,0.0,718.0,0.0,0.0,0.005321748666210019,0.0,0.0,B_to_C_tokens
qwen,math,complete_plurality_correct,certain_harm,leave_out:42,2,400,0.0,475.0,0.0,8.673617379884035e-19,0.008022402300241482,0.0,0.0,B_to_C_tokens
qwen,math,complete_plurality_correct,certain_harm,leave_out:314159,2,400,0.0,478.0,0.0,0.0,0.007972453906511252,0.0,0.0,B_to_C_tokens
qwen,math,complete_plurality_correct,certain_harm,leave_out:271828,2,400,0.0,483.0,0.0,8.673617379884035e-19,0.007890574541452415,0.0,0.0,B_to_C_tokens
qwen,math,complete_plurality_correct,possible_harm,all_seeds,3,400,2.0,718.0,0.002785515320334262,0.0007642214309571431,0.010098910251040004,0.0,0.007204610951008645,B_to_C_tokens
qwen,math,complete_plurality_correct,possible_harm,leave_out:42,2,400,1.0,475.0,0.002105263157894737,0.00037172735886370056,0.011827422721166238,0.0,0.0066518847006651885,B_to_C_tokens
qwen,math,complete_plurality_correct,possible_harm,leave_out:314159,2,400,1.0,478.0,0.0020920502092050207,0.0003693937384498516,0.011753803038745455,0.0,0.00663716814159292,B_to_C_tokens
qwen,math,complete_plurality_correct,possible_harm,leave_out:271828,2,400,2.0,483.0,0.004140786749482402,0.001136288518484488,0.014970513148918636,0.0,0.01070721250608853,B_to_C_tokens
qwen,math,complete_all_correct,harm,all_seeds,3,400,0.0,672.0,0.0,0.0,0.005683964442485159,0.0,0.0,B_to_C_tokens
qwen,math,complete_all_correct,harm,leave_out:42,2,400,0.0,446.0,0.0,8.673617379884035e-19,0.008539583769723903,0.0,0.0,B_to_C_tokens
qwen,math,complete_all_correct,harm,leave_out:314159,2,400,0.0,450.0,0.0,0.0,0.00846431886297066,0.0,0.0,B_to_C_tokens
qwen,math,complete_all_correct,harm,leave_out:271828,2,400,0.0,448.0,0.0,0.0,0.008501784742640323,0.0,0.0,B_to_C_tokens
qwen,math,complete_all_correct,certain_harm,all_seeds,3,400,0.0,672.0,0.0,0.0,0.005683964442485159,0.0,0.0,B_to_C_tokens
qwen,math,complete_all_correct,certain_harm,leave_out:42,2,400,0.0,446.0,0.0,8.673617379884035e-19,0.008539583769723903,0.0,0.0,B_to_C_tokens
qwen,math,complete_all_correct,certain_harm,leave_out:314159,2,400,0.0,450.0,0.0,0.0,0.00846431886297066,0.0,0.0,B_to_C_tokens
qwen,math,complete_all_correct,certain_harm,leave_out:271828,2,400,0.0,448.0,0.0,0.0,0.008501784742640323,0.0,0.0,B_to_C_tokens
qwen,math,complete_all_correct,possible_harm,all_seeds,3,400,0.0,672.0,0.0,0.0,0.005683964442485159,0.0,0.0,B_to_C_tokens
qwen,math,complete_all_correct,possible_harm,leave_out:42,2,400,0.0,446.0,0.0,8.673617379884035e-19,0.008539583769723903,0.0,0.0,B_to_C_tokens
qwen,math,complete_all_correct,possible_harm,leave_out:314159,2,400,0.0,450.0,0.0,0.0,0.00846431886297066,0.0,0.0,B_to_C_tokens
qwen,math,complete_all_correct,possible_harm,leave_out:271828,2,400,0.0,448.0,0.0,0.0,0.008501784742640323,0.0,0.0,B_to_C_tokens
llama,all,strict_all_wrong,samecap_repair_plurality,all_seeds,3,800,4.0,115.0,0.034782608695652174,0.013607842790201302,0.08603296386263781,0.007142857142857143,0.07216494845360824,
llama,all,strict_all_wrong,samecap_repair_plurality,leave_out:42,2,800,2.0,78.0,0.02564102564102564,0.007060093472759224,0.08875270035675842,0.0,0.06756756756756757,
llama,all,strict_all_wrong,samecap_repair_plurality,leave_out:314159,2,800,2.0,75.0,0.02666666666666667,0.0073436890061313945,0.09211488187759148,0.0,0.06756756756756757,
llama,all,strict_all_wrong,samecap_repair_plurality,leave_out:271828,2,800,4.0,77.0,0.05194805194805195,0.020384718503645795,0.12609283142476915,0.010416666666666666,0.10843373493975904,
llama,all,strict_all_wrong,long_repair_plurality,all_seeds,3,800,4.0,115.0,0.034782608695652174,0.013607842790201302,0.08603296386263781,0.007142857142857143,0.07216494845360824,
llama,all,strict_all_wrong,long_repair_plurality,leave_out:42,2,800,2.0,78.0,0.02564102564102564,0.007060093472759224,0.08875270035675842,0.0,0.06756756756756757,
llama,all,strict_all_wrong,long_repair_plurality,leave_out:314159,2,800,2.0,75.0,0.02666666666666667,0.0073436890061313945,0.09211488187759148,0.0,0.06756756756756757,
llama,all,strict_all_wrong,long_repair_plurality,leave_out:271828,2,800,4.0,77.0,0.05194805194805195,0.020384718503645795,0.12609283142476915,0.010416666666666666,0.10843373493975904,
llama,all,strict_all_wrong,samecap_repair_any,all_seeds,3,800,22.0,115.0,0.19130434782608696,0.12986594771740817,0.27269944735129814,0.11206896551724138,0.27835051546391754,
llama,all,strict_all_wrong,samecap_repair_any,leave_out:42,2,800,17.0,78.0,0.21794871794871795,0.1407681204113414,0.3216070542981015,0.12,0.3253012048192771,
llama,all,strict_all_wrong,samecap_repair_any,leave_out:314159,2,800,13.0,75.0,0.17333333333333334,0.10419146268357259,0.27430811440519387,0.08602150537634409,0.2714285714285714,
llama,all,strict_all_wrong,samecap_repair_any,leave_out:271828,2,800,14.0,77.0,0.18181818181818182,0.11151253282220576,0.28236282872116136,0.0975609756097561,0.27586206896551724,
llama,all,strict_all_wrong,long_repair_any,all_seeds,3,800,22.0,115.0,0.19130434782608696,0.12986594771740817,0.27269944735129814,0.11206896551724138,0.27835051546391754,
llama,all,strict_all_wrong,long_repair_any,leave_out:42,2,800,17.0,78.0,0.21794871794871795,0.1407681204113414,0.3216070542981015,0.12,0.3253012048192771,
llama,all,strict_all_wrong,long_repair_any,leave_out:314159,2,800,13.0,75.0,0.17333333333333334,0.10419146268357259,0.27430811440519387,0.08602150537634409,0.2714285714285714,
llama,all,strict_all_wrong,long_repair_any,leave_out:271828,2,800,14.0,77.0,0.18181818181818182,0.11151253282220576,0.28236282872116136,0.0975609756097561,0.27586206896551724,
llama,all,strict_all_wrong,incremental_plurality_helpful,all_seeds,3,800,0.0,115.0,0.0,0.0,0.032324231449313054,0.0,0.0,
llama,all,strict_all_wrong,incremental_plurality_helpful,leave_out:42,2,800,0.0,78.0,0.0,0.0,0.046937809712194266,0.0,0.0,
llama,all,strict_all_wrong,incremental_plurality_helpful,leave_out:314159,2,800,0.0,75.0,0.0,0.0,0.04872384248280584,0.0,0.0,
llama,all,strict_all_wrong,incremental_plurality_helpful,leave_out:271828,2,800,0.0,77.0,0.0,0.0,0.04751842528243406,0.0,0.0,
llama,all,strict_all_wrong,incremental_plurality_harmful,all_seeds,3,800,0.0,115.0,0.0,0.0,0.032324231449313054,0.0,0.0,
llama,all,strict_all_wrong,incremental_plurality_harmful,leave_out:42,2,800,0.0,78.0,0.0,0.0,0.046937809712194266,0.0,0.0,
llama,all,strict_all_wrong,incremental_plurality_harmful,leave_out:314159,2,800,0.0,75.0,0.0,0.0,0.04872384248280584,0.0,0.0,
llama,all,strict_all_wrong,incremental_plurality_harmful,leave_out:271828,2,800,0.0,77.0,0.0,0.0,0.04751842528243406,0.0,0.0,
llama,all,strict_all_wrong,incremental_net,all_seeds,3,800,0.0,115.0,0.0,,,0.0,0.0,
llama,all,strict_all_wrong,incremental_net,leave_out:42,2,800,0.0,78.0,0.0,,,0.0,0.0,
llama,all,strict_all_wrong,incremental_net,leave_out:314159,2,800,0.0,75.0,0.0,,,0.0,0.0,
llama,all,strict_all_wrong,incremental_net,leave_out:271828,2,800,0.0,77.0,0.0,,,0.0,0.0,
llama,all,plurality_wrong,samecap_repair_plurality,all_seeds,3,800,53.0,230.0,0.23043478260869565,0.18070780775057688,0.2890183878293045,0.17104714912280702,0.2976190476190476,
llama,all,plurality_wrong,samecap_repair_plurality,leave_out:42,2,800,39.0,153.0,0.2549019607843137,0.1924372049079571,0.32937290471527547,0.18292682926829268,0.3333333333333333,
llama,all,plurality_wrong,samecap_repair_plurality,leave_out:314159,2,800,34.0,153.0,0.2222222222222222,0.16360722471542088,0.2944442328575761,0.1547531512605042,0.29600131578947364,
llama,all,plurality_wrong,samecap_repair_plurality,leave_out:271828,2,800,33.0,154.0,0.21428571428571427,0.15684995535880897,0.28562858825395077,0.1479279523293608,0.29008249199704494,
llama,all,plurality_wrong,long_repair_plurality,all_seeds,3,800,53.0,230.0,0.23043478260869565,0.18070780775057688,0.2890183878293045,0.17104714912280702,0.2976190476190476,
llama,all,plurality_wrong,long_repair_plurality,leave_out:42,2,800,39.0,153.0,0.2549019607843137,0.1924372049079571,0.32937290471527547,0.18292682926829268,0.3333333333333333,
llama,all,plurality_wrong,long_repair_plurality,leave_out:314159,2,800,34.0,153.0,0.2222222222222222,0.16360722471542088,0.2944442328575761,0.1547531512605042,0.29600131578947364,
llama,all,plurality_wrong,long_repair_plurality,leave_out:271828,2,800,33.0,154.0,0.21428571428571427,0.15684995535880897,0.28562858825395077,0.1479279523293608,0.29008249199704494,
llama,all,plurality_wrong,samecap_repair_any,all_seeds,3,800,22.0,230.0,0.09565217391304348,0.06401726135373566,0.1405720320160863,0.05651998597475456,0.13592233009708737,
llama,all,plurality_wrong,samecap_repair_any,leave_out:42,2,800,17.0,153.0,0.1111111111111111,0.07053863063592061,0.17073340996627512,0.06039864154604998,0.16774193548387098,
llama,all,plurality_wrong,samecap_repair_any,leave_out:314159,2,800,13.0,153.0,0.08496732026143791,0.050326516107818506,0.13993860285418874,0.04141909814323608,0.13291139240506328,
llama,all,plurality_wrong,samecap_repair_any,leave_out:271828,2,800,14.0,154.0,0.09090909090909091,0.05492529344925998,0.14680534854173694,0.047337278106508875,0.1360544217687075,
llama,all,plurality_wrong,long_repair_any,all_seeds,3,800,22.0,230.0,0.09565217391304348,0.06401726135373566,0.1405720320160863,0.05651998597475456,0.13592233009708737,
llama,all,plurality_wrong,long_repair_any,leave_out:42,2,800,17.0,153.0,0.1111111111111111,0.07053863063592061,0.17073340996627512,0.06039864154604998,0.16774193548387098,
llama,all,plurality_wrong,long_repair_any,leave_out:314159,2,800,13.0,153.0,0.08496732026143791,0.050326516107818506,0.13993860285418874,0.04141909814323608,0.13291139240506328,
llama,all,plurality_wrong,long_repair_any,leave_out:271828,2,800,14.0,154.0,0.09090909090909091,0.05492529344925998,0.14680534854173694,0.047337278106508875,0.1360544217687075,
llama,all,plurality_wrong,incremental_plurality_helpful,all_seeds,3,800,0.0,230.0,0.0,0.0,0.01642762083365077,0.0,0.0,
llama,all,plurality_wrong,incremental_plurality_helpful,leave_out:42,2,800,0.0,153.0,0.0,0.0,0.02449262363139452,0.0,0.0,
llama,all,plurality_wrong,incremental_plurality_helpful,leave_out:314159,2,800,0.0,153.0,0.0,0.0,0.02449262363139452,0.0,0.0,
llama,all,plurality_wrong,incremental_plurality_helpful,leave_out:271828,2,800,0.0,154.0,0.0,0.0,0.024337451322329527,0.0,0.0,
llama,all,plurality_wrong,incremental_plurality_harmful,all_seeds,3,800,0.0,230.0,0.0,0.0,0.01642762083365077,0.0,0.0,
llama,all,plurality_wrong,incremental_plurality_harmful,leave_out:42,2,800,0.0,153.0,0.0,0.0,0.02449262363139452,0.0,0.0,
llama,all,plurality_wrong,incremental_plurality_harmful,leave_out:314159,2,800,0.0,153.0,0.0,0.0,0.02449262363139452,0.0,0.0,
llama,all,plurality_wrong,incremental_plurality_harmful,leave_out:271828,2,800,0.0,154.0,0.0,0.0,0.024337451322329527,0.0,0.0,
llama,all,plurality_wrong,incremental_net,all_seeds,3,800,0.0,230.0,0.0,,,0.0,0.0,
llama,all,plurality_wrong,incremental_net,leave_out:42,2,800,0.0,153.0,0.0,,,0.0,0.0,
llama,all,plurality_wrong,incremental_net,leave_out:314159,2,800,0.0,153.0,0.0,,,0.0,0.0,
llama,all,plurality_wrong,incremental_net,leave_out:271828,2,800,0.0,154.0,0.0,,,0.0,0.0,
llama,all,first_chain_wrong,samecap_repair_plurality,all_seeds,3,800,227.0,545.0,0.41651376146788993,0.375850544869277,0.45834565416507905,0.3641304347826087,0.4706994328922495,
llama,all,first_chain_wrong,samecap_repair_plurality,leave_out:42,2,800,166.0,380.0,0.4368421052631579,0.387850990606382,0.4870973796205495,0.3795010299026919,0.49589152466867137,
llama,all,first_chain_wrong,samecap_repair_plurality,leave_out:314159,2,800,149.0,361.0,0.41274238227146814,0.3631343424581458,0.46418791361538303,0.3558260727603925,0.47230320699708456,
llama,all,first_chain_wrong,samecap_repair_plurality,leave_out:271828,2,800,139.0,349.0,0.3982808022922636,0.3482963524294192,0.4504801285507238,0.340625,0.45938375350140054,
llama,all,first_chain_wrong,long_repair_plurality,all_seeds,3,800,232.0,545.0,0.42568807339449544,0.3848388555613748,0.46757754138129376,0.37302977232924694,0.48114901256732495,
llama,all,first_chain_wrong,long_repair_plurality,leave_out:42,2,800,170.0,380.0,0.4473684210526316,0.3981504320464713,0.4976398764759716,0.38888533674339304,0.5063637887843462,
llama,all,first_chain_wrong,long_repair_plurality,leave_out:314159,2,800,152.0,361.0,0.42105263157894735,0.37121489506014876,0.47255286043494865,0.3626357560568087,0.48113275909215203,
llama,all,first_chain_wrong,long_repair_plurality,leave_out:271828,2,800,142.0,349.0,0.4068767908309456,0.35662255236347185,0.4591587330408845,0.3490800924815146,0.4674229344418928,
llama,all,first_chain_wrong,samecap_repair_any,all_seeds,3,800,333.0,545.0,0.6110091743119266,0.5694381337952711,0.6510262608953102,0.5534187098657327,0.667286332209985,
llama,all,first_chain_wrong,samecap_repair_any,leave_out:42,2,800,238.0,380.0,0.6263157894736842,0.5766378144932716,0.6734654450528657,0.5653266331658291,0.6860768284106892,
llama,all,first_chain_wrong,samecap_repair_any,leave_out:314159,2,800,218.0,361.0,0.6038781163434903,0.5525861677728169,0.6529825749967916,0.543010752688172,0.6640505339229855,
llama,all,first_chain_wrong,samecap_repair_any,leave_out:271828,2,800,210.0,349.0,0.6017191977077364,0.5495198714492762,0.6517036475705809,0.5405387763742855,0.6620111731843575,
llama,all,first_chain_wrong,long_repair_any,all_seeds,3,800,342.0,545.0,0.6275229357798165,0.5861732592633755,0.6670874916621685,0.5701577553958771,0.6837125540136281,
llama,all,first_chain_wrong,long_repair_any,leave_out:42,2,800,245.0,380.0,0.6447368421052632,0.5953881455948971,0.6911885059683851,0.5837985052091197,0.7041894034363247,
llama,all,first_chain_wrong,long_repair_any,leave_out:314159,2,800,223.0,361.0,0.6177285318559557,0.5666102770957318,0.6663676313764912,0.5569278802880289,0.6767976961787654,
llama,all,first_chain_wrong,long_repair_any,leave_out:271828,2,800,216.0,349.0,0.6189111747851003,0.5669259863944195,0.6683071414738638,0.5575208524056555,0.6791455441871967,
llama,all,first_chain_wrong,incremental_plurality_helpful,all_seeds,3,800,6.0,545.0,0.011009174311926606,0.00505510017386864,0.02380835131307435,0.0035026269702276708,0.020409032437506504,
llama,all,first_chain_wrong,incremental_plurality_helpful,leave_out:42,2,800,5.0,380.0,0.013157894736842105,0.005633009467423032,0.030427344365173144,0.00267379679144385,0.02577319587628866,
llama,all,first_chain_wrong,incremental_plurality_helpful,leave_out:314159,2,800,4.0,361.0,0.0110803324099723,0.004317128373881455,0.028139322323827647,0.002603997564935065,0.022951028772164598,
llama,all,first_chain_wrong,incremental_plurality_helpful,leave_out:271828,2,800,3.0,349.0,0.008595988538681949,0.002927633320409342,0.024964380428732662,0.0,0.019663151593295264,
llama,all,first_chain_wrong,incremental_plurality_harmful,all_seeds,3,800,1.0,545.0,0.001834862385321101,0.00032397172866422113,0.010319281849966253,0.0,0.005848238760964908,
llama,all,first_chain_wrong,incremental_plurality_harmful,leave_out:42,2,800,1.0,380.0,0.002631578947368421,0.000464689442598829,0.014753726094485914,0.0,0.008403361344537815,
llama,all,first_chain_wrong,incremental_plurality_harmful,leave_out:314159,2,800,1.0,361.0,0.002770083102493075,0.0004891551609277449,0.01552179611521267,0.0,0.008902077151335312,
llama,all,first_chain_wrong,incremental_plurality_harmful,leave_out:271828,2,800,0.0,349.0,0.0,0.0,0.010887209324928745,0.0,0.0,
llama,all,first_chain_wrong,incremental_net,all_seeds,3,800,5.0,545.0,0.009174311926605505,,,0.0,0.019157254996195278,
llama,all,first_chain_wrong,incremental_net,leave_out:42,2,800,4.0,380.0,0.010526315789473684,,,0.0,0.02373887240356083,
llama,all,first_chain_wrong,incremental_net,leave_out:314159,2,800,3.0,361.0,0.008310249307479225,,,-0.002840909090909091,0.021220159151193633,
llama,all,first_chain_wrong,incremental_net,leave_out:271828,2,800,3.0,349.0,0.008595988538681949,,,0.0,0.019663151593295264,
llama,gsm8k,strict_all_wrong,samecap_repair_plurality,all_seeds,3,400,2.0,24.0,0.08333333333333333,0.02315881529704336,0.25848802193210674,0.0,0.23809523809523808,
llama,gsm8k,strict_all_wrong,samecap_repair_plurality,leave_out:42,2,400,1.0,15.0,0.06666666666666667,0.011866895493268581,0.2981652987378002,0.0,0.25,
llama,gsm8k,strict_all_wrong,samecap_repair_plurality,leave_out:314159,2,400,1.0,15.0,0.06666666666666667,0.011866895493268581,0.2981652987378002,0.0,0.21428571428571427,
llama,gsm8k,strict_all_wrong,samecap_repair_plurality,leave_out:271828,2,400,2.0,18.0,0.1111111111111111,0.03101952264561239,0.32799765130178793,0.0,0.3333333333333333,
llama,gsm8k,strict_all_wrong,long_repair_plurality,all_seeds,3,400,2.0,24.0,0.08333333333333333,0.02315881529704336,0.25848802193210674,0.0,0.23809523809523808,
llama,gsm8k,strict_all_wrong,long_repair_plurality,leave_out:42,2,400,1.0,15.0,0.06666666666666667,0.011866895493268581,0.2981652987378002,0.0,0.25,
llama,gsm8k,strict_all_wrong,long_repair_plurality,leave_out:314159,2,400,1.0,15.0,0.06666666666666667,0.011866895493268581,0.2981652987378002,0.0,0.21428571428571427,
llama,gsm8k,strict_all_wrong,long_repair_plurality,leave_out:271828,2,400,2.0,18.0,0.1111111111111111,0.03101952264561239,0.32799765130178793,0.0,0.3333333333333333,
llama,gsm8k,strict_all_wrong,samecap_repair_any,all_seeds,3,400,6.0,24.0,0.25,0.11999366228595001,0.44899444005154,0.06060606060606061,0.5238095238095238,
llama,gsm8k,strict_all_wrong,samecap_repair_any,leave_out:42,2,400,5.0,15.0,0.3333333333333333,0.15176324439714728,0.5828645226148021,0.05555555555555555,0.7,
llama,gsm8k,strict_all_wrong,samecap_repair_any,leave_out:314159,2,400,2.0,15.0,0.13333333333333333,0.03736125910306537,0.37881982832322353,0.0,0.3333333333333333,
llama,gsm8k,strict_all_wrong,samecap_repair_any,leave_out:271828,2,400,5.0,18.0,0.2777777777777778,0.12499753379553999,0.5087265656029745,0.07692307692307693,0.5555555555555556,
llama,gsm8k,strict_all_wrong,long_repair_any,all_seeds,3,400,6.0,24.0,0.25,0.11999366228595001,0.44899444005154,0.06060606060606061,0.5238095238095238,
llama,gsm8k,strict_all_wrong,long_repair_any,leave_out:42,2,400,5.0,15.0,0.3333333333333333,0.15176324439714728,0.5828645226148021,0.05555555555555555,0.7,
llama,gsm8k,strict_all_wrong,long_repair_any,leave_out:314159,2,400,2.0,15.0,0.13333333333333333,0.03736125910306537,0.37881982832322353,0.0,0.3333333333333333,
llama,gsm8k,strict_all_wrong,long_repair_any,leave_out:271828,2,400,5.0,18.0,0.2777777777777778,0.12499753379553999,0.5087265656029745,0.07692307692307693,0.5555555555555556,
llama,gsm8k,strict_all_wrong,incremental_plurality_helpful,all_seeds,3,400,0.0,24.0,0.0,0.0,0.13797620467498012,0.0,0.0,
llama,gsm8k,strict_all_wrong,incremental_plurality_helpful,leave_out:42,2,400,0.0,15.0,0.0,0.0,0.20388330103584854,0.0,0.0,
llama,gsm8k,strict_all_wrong,incremental_plurality_helpful,leave_out:314159,2,400,0.0,15.0,0.0,0.0,0.20388330103584854,0.0,0.0,
llama,gsm8k,strict_all_wrong,incremental_plurality_helpful,leave_out:271828,2,400,0.0,18.0,0.0,0.0,0.17587922364665756,0.0,0.0,
llama,gsm8k,strict_all_wrong,incremental_plurality_harmful,all_seeds,3,400,0.0,24.0,0.0,0.0,0.13797620467498012,0.0,0.0,
llama,gsm8k,strict_all_wrong,incremental_plurality_harmful,leave_out:42,2,400,0.0,15.0,0.0,0.0,0.20388330103584854,0.0,0.0,
llama,gsm8k,strict_all_wrong,incremental_plurality_harmful,leave_out:314159,2,400,0.0,15.0,0.0,0.0,0.20388330103584854,0.0,0.0,
llama,gsm8k,strict_all_wrong,incremental_plurality_harmful,leave_out:271828,2,400,0.0,18.0,0.0,0.0,0.17587922364665756,0.0,0.0,
llama,gsm8k,strict_all_wrong,incremental_net,all_seeds,3,400,0.0,24.0,0.0,,,0.0,0.0,
llama,gsm8k,strict_all_wrong,incremental_net,leave_out:42,2,400,0.0,15.0,0.0,,,0.0,0.0,
llama,gsm8k,strict_all_wrong,incremental_net,leave_out:314159,2,400,0.0,15.0,0.0,,,0.0,0.0,
llama,gsm8k,strict_all_wrong,incremental_net,leave_out:271828,2,400,0.0,18.0,0.0,,,0.0,0.0,
llama,gsm8k,plurality_wrong,samecap_repair_plurality,all_seeds,3,400,31.0,82.0,0.3780487804878049,0.280783715928119,0.4862286313133689,0.26666666666666666,0.5074626865671642,
llama,gsm8k,plurality_wrong,samecap_repair_plurality,leave_out:42,2,400,21.0,53.0,0.39622641509433965,0.27589406738001676,0.5305852132679448,0.2631578947368421,0.5454545454545454,
llama,gsm8k,plurality_wrong,samecap_repair_plurality,leave_out:314159,2,400,21.0,55.0,0.38181818181818183,0.26515954258893804,0.5139077976751006,0.25,0.5254237288135594,
llama,gsm8k,plurality_wrong,samecap_repair_plurality,leave_out:271828,2,400,20.0,56.0,0.35714285714285715,0.24456571707649905,0.48806112198600476,0.2222222222222222,0.5116279069767442,
llama,gsm8k,plurality_wrong,long_repair_plurality,all_seeds,3,400,31.0,82.0,0.3780487804878049,0.280783715928119,0.4862286313133689,0.26666666666666666,0.5074626865671642,
llama,gsm8k,plurality_wrong,long_repair_plurality,leave_out:42,2,400,21.0,53.0,0.39622641509433965,0.27589406738001676,0.5305852132679448,0.2631578947368421,0.5454545454545454,
llama,gsm8k,plurality_wrong,long_repair_plurality,leave_out:314159,2,400,21.0,55.0,0.38181818181818183,0.26515954258893804,0.5139077976751006,0.25,0.5254237288135594,
llama,gsm8k,plurality_wrong,long_repair_plurality,leave_out:271828,2,400,20.0,56.0,0.35714285714285715,0.24456571707649905,0.48806112198600476,0.2222222222222222,0.5116279069767442,
llama,gsm8k,plurality_wrong,samecap_repair_any,all_seeds,3,400,6.0,82.0,0.07317073170731707,0.033964777256659195,0.15057843808854837,0.014919885864793684,0.14130434782608695,
llama,gsm8k,plurality_wrong,samecap_repair_any,leave_out:42,2,400,5.0,53.0,0.09433962264150944,0.040972641497250495,0.2025372737629627,0.01639344262295082,0.19299660441426125,
llama,gsm8k,plurality_wrong,samecap_repair_any,leave_out:314159,2,400,2.0,55.0,0.03636363636363636,0.010029541289333553,0.12323463974651011,0.0,0.09090909090909091,
llama,gsm8k,plurality_wrong,samecap_repair_any,leave_out:271828,2,400,5.0,56.0,0.08928571428571429,0.03874214844958691,0.19256001385511157,0.02,0.17022573949143727,
llama,gsm8k,plurality_wrong,long_repair_any,all_seeds,3,400,6.0,82.0,0.07317073170731707,0.033964777256659195,0.15057843808854837,0.014919885864793684,0.14130434782608695,
llama,gsm8k,plurality_wrong,long_repair_any,leave_out:42,2,400,5.0,53.0,0.09433962264150944,0.040972641497250495,0.2025372737629627,0.01639344262295082,0.19299660441426125,
llama,gsm8k,plurality_wrong,long_repair_any,leave_out:314159,2,400,2.0,55.0,0.03636363636363636,0.010029541289333553,0.12323463974651011,0.0,0.09090909090909091,
llama,gsm8k,plurality_wrong,long_repair_any,leave_out:271828,2,400,5.0,56.0,0.08928571428571429,0.03874214844958691,0.19256001385511157,0.02,0.17022573949143727,
llama,gsm8k,plurality_wrong,incremental_plurality_helpful,all_seeds,3,400,0.0,82.0,0.0,0.0,0.0447506236901003,0.0,0.0,
llama,gsm8k,plurality_wrong,incremental_plurality_helpful,leave_out:42,2,400,0.0,53.0,0.0,0.0,0.06758198857654184,0.0,0.0,
llama,gsm8k,plurality_wrong,incremental_plurality_helpful,leave_out:314159,2,400,0.0,55.0,0.0,0.0,0.06528490111708635,0.0,0.0,
llama,gsm8k,plurality_wrong,incremental_plurality_helpful,leave_out:271828,2,400,0.0,56.0,0.0,0.0,0.06419393671876339,0.0,0.0,
llama,gsm8k,plurality_wrong,incremental_plurality_harmful,all_seeds,3,400,0.0,82.0,0.0,0.0,0.0447506236901003,0.0,0.0,
llama,gsm8k,plurality_wrong,incremental_plurality_harmful,leave_out:42,2,400,0.0,53.0,0.0,0.0,0.06758198857654184,0.0,0.0,
llama,gsm8k,plurality_wrong,incremental_plurality_harmful,leave_out:314159,2,400,0.0,55.0,0.0,0.0,0.06528490111708635,0.0,0.0,
llama,gsm8k,plurality_wrong,incremental_plurality_harmful,leave_out:271828,2,400,0.0,56.0,0.0,0.0,0.06419393671876339,0.0,0.0,
llama,gsm8k,plurality_wrong,incremental_net,all_seeds,3,400,0.0,82.0,0.0,,,0.0,0.0,
llama,gsm8k,plurality_wrong,incremental_net,leave_out:42,2,400,0.0,53.0,0.0,,,0.0,0.0,
llama,gsm8k,plurality_wrong,incremental_net,leave_out:314159,2,400,0.0,55.0,0.0,,,0.0,0.0,
llama,gsm8k,plurality_wrong,incremental_net,leave_out:271828,2,400,0.0,56.0,0.0,,,0.0,0.0,
llama,gsm8k,first_chain_wrong,samecap_repair_plurality,all_seeds,3,400,106.0,162.0,0.654320987654321,0.5782756890091956,0.7232170761627474,0.5614006791171476,0.7518248175182481,
llama,gsm8k,first_chain_wrong,samecap_repair_plurality,leave_out:42,2,400,75.0,112.0,0.6696428571428571,0.5781822928533298,0.7498522501060998,0.5689655172413793,0.7739130434782608,
llama,gsm8k,first_chain_wrong,samecap_repair_plurality,leave_out:314159,2,400,75.0,111.0,0.6756756756756757,0.5839813435379284,0.7556172683265554,0.5765765765765766,0.7766990291262136,
llama,gsm8k,first_chain_wrong,samecap_repair_plurality,leave_out:271828,2,400,62.0,101.0,0.6138613861386139,0.5164020139158059,0.702976848785217,0.5050480048004801,0.7264365351629499,
llama,gsm8k,first_chain_wrong,long_repair_plurality,all_seeds,3,400,106.0,162.0,0.654320987654321,0.5782756890091956,0.7232170761627474,0.5614006791171476,0.7518248175182481,
llama,gsm8k,first_chain_wrong,long_repair_plurality,leave_out:42,2,400,75.0,112.0,0.6696428571428571,0.5781822928533298,0.7498522501060998,0.5689655172413793,0.7739130434782608,
llama,gsm8k,first_chain_wrong,long_repair_plurality,leave_out:314159,2,400,75.0,111.0,0.6756756756756757,0.5839813435379284,0.7556172683265554,0.5765765765765766,0.7766990291262136,
llama,gsm8k,first_chain_wrong,long_repair_plurality,leave_out:271828,2,400,62.0,101.0,0.6138613861386139,0.5164020139158059,0.702976848785217,0.5050480048004801,0.7264365351629499,
llama,gsm8k,first_chain_wrong,samecap_repair_any,all_seeds,3,400,140.0,162.0,0.8641975308641975,0.8029444927922917,0.9085784330134938,0.7777777777777778,0.9440993788819876,
llama,gsm8k,first_chain_wrong,samecap_repair_any,leave_out:42,2,400,98.0,112.0,0.875,0.801069258255626,0.9240597314441661,0.788135593220339,0.9540256248022777,
llama,gsm8k,first_chain_wrong,samecap_repair_any,leave_out:314159,2,400,95.0,111.0,0.8558558558558559,0.7786200797943343,0.9092848006491072,0.7699115044247787,0.9368421052631579,
llama,gsm8k,first_chain_wrong,samecap_repair_any,leave_out:271828,2,400,87.0,101.0,0.8613861386138614,0.7806893198953231,0.9156001138948799,0.7676767676767676,0.9473684210526315,
llama,gsm8k,first_chain_wrong,long_repair_any,all_seeds,3,400,140.0,162.0,0.8641975308641975,0.8029444927922917,0.9085784330134938,0.7777777777777778,0.9440993788819876,
llama,gsm8k,first_chain_wrong,long_repair_any,leave_out:42,2,400,98.0,112.0,0.875,0.801069258255626,0.9240597314441661,0.788135593220339,0.9540256248022777,
llama,gsm8k,first_chain_wrong,long_repair_any,leave_out:314159,2,400,95.0,111.0,0.8558558558558559,0.7786200797943343,0.9092848006491072,0.7699115044247787,0.9368421052631579,
llama,gsm8k,first_chain_wrong,long_repair_any,leave_out:271828,2,400,87.0,101.0,0.8613861386138614,0.7806893198953231,0.9156001138948799,0.7676767676767676,0.9473684210526315,
llama,gsm8k,first_chain_wrong,incremental_plurality_helpful,all_seeds,3,400,0.0,162.0,0.0,0.0,0.023163440842904455,0.0,0.0,
llama,gsm8k,first_chain_wrong,incremental_plurality_helpful,leave_out:42,2,400,0.0,112.0,0.0,0.0,0.03316134706694386,0.0,0.0,
llama,gsm8k,first_chain_wrong,incremental_plurality_helpful,leave_out:314159,2,400,0.0,111.0,0.0,0.0,0.03345010469339234,0.0,0.0,
llama,gsm8k,first_chain_wrong,incremental_plurality_helpful,leave_out:271828,2,400,0.0,101.0,0.0,0.0,0.036640646399856064,0.0,0.0,
llama,gsm8k,first_chain_wrong,incremental_plurality_harmful,all_seeds,3,400,0.0,162.0,0.0,0.0,0.023163440842904455,0.0,0.0,
llama,gsm8k,first_chain_wrong,incremental_plurality_harmful,leave_out:42,2,400,0.0,112.0,0.0,0.0,0.03316134706694386,0.0,0.0,
llama,gsm8k,first_chain_wrong,incremental_plurality_harmful,leave_out:314159,2,400,0.0,111.0,0.0,0.0,0.03345010469339234,0.0,0.0,
llama,gsm8k,first_chain_wrong,incremental_plurality_harmful,leave_out:271828,2,400,0.0,101.0,0.0,0.0,0.036640646399856064,0.0,0.0,
llama,gsm8k,first_chain_wrong,incremental_net,all_seeds,3,400,0.0,162.0,0.0,,,0.0,0.0,
llama,gsm8k,first_chain_wrong,incremental_net,leave_out:42,2,400,0.0,112.0,0.0,,,0.0,0.0,
llama,gsm8k,first_chain_wrong,incremental_net,leave_out:314159,2,400,0.0,111.0,0.0,,,0.0,0.0,
llama,gsm8k,first_chain_wrong,incremental_net,leave_out:271828,2,400,0.0,101.0,0.0,,,0.0,0.0,
llama,math,strict_all_wrong,samecap_repair_plurality,all_seeds,3,400,2.0,91.0,0.02197802197802198,0.006048006082981144,0.07663164602484938,0.0,0.05660377358490566,
llama,math,strict_all_wrong,samecap_repair_plurality,leave_out:42,2,400,1.0,63.0,0.015873015873015872,0.002807494213869284,0.08458525459438393,0.0,0.05454545454545454,
llama,math,strict_all_wrong,samecap_repair_plurality,leave_out:314159,2,400,1.0,60.0,0.016666666666666666,0.0029481597947862495,0.08855129727590058,0.0,0.05555555555555555,
llama,math,strict_all_wrong,samecap_repair_plurality,leave_out:271828,2,400,2.0,59.0,0.03389830508474576,0.00934590909166131,0.11543570750110749,0.0,0.08695652173913043,
llama,math,strict_all_wrong,long_repair_plurality,all_seeds,3,400,2.0,91.0,0.02197802197802198,0.006048006082981144,0.07663164602484938,0.0,0.05660377358490566,
llama,math,strict_all_wrong,long_repair_plurality,leave_out:42,2,400,1.0,63.0,0.015873015873015872,0.002807494213869284,0.08458525459438393,0.0,0.05454545454545454,
llama,math,strict_all_wrong,long_repair_plurality,leave_out:314159,2,400,1.0,60.0,0.016666666666666666,0.0029481597947862495,0.08855129727590058,0.0,0.05555555555555555,
llama,math,strict_all_wrong,long_repair_plurality,leave_out:271828,2,400,2.0,59.0,0.03389830508474576,0.00934590909166131,0.11543570750110749,0.0,0.08695652173913043,
llama,math,strict_all_wrong,samecap_repair_any,all_seeds,3,400,16.0,91.0,0.17582417582417584,0.11122529179441247,0.26668389756607036,0.09473684210526316,0.2714285714285714,
llama,math,strict_all_wrong,samecap_repair_any,leave_out:42,2,400,12.0,63.0,0.19047619047619047,0.11246191872292467,0.3040678714987454,0.09373958333333335,0.30357142857142855,
llama,math,strict_all_wrong,samecap_repair_any,leave_out:314159,2,400,11.0,60.0,0.18333333333333332,0.1055779688919764,0.2991975374646805,0.08771929824561403,0.3,
llama,math,strict_all_wrong,samecap_repair_any,leave_out:271828,2,400,9.0,59.0,0.15254237288135594,0.08238463998596483,0.2651798378377356,0.06779661016949153,0.2545543672014259,
llama,math,strict_all_wrong,long_repair_any,all_seeds,3,400,16.0,91.0,0.17582417582417584,0.11122529179441247,0.26668389756607036,0.09473684210526316,0.2714285714285714,
llama,math,strict_all_wrong,long_repair_any,leave_out:42,2,400,12.0,63.0,0.19047619047619047,0.11246191872292467,0.3040678714987454,0.09373958333333335,0.30357142857142855,
llama,math,strict_all_wrong,long_repair_any,leave_out:314159,2,400,11.0,60.0,0.18333333333333332,0.1055779688919764,0.2991975374646805,0.08771929824561403,0.3,
llama,math,strict_all_wrong,long_repair_any,leave_out:271828,2,400,9.0,59.0,0.15254237288135594,0.08238463998596483,0.2651798378377356,0.06779661016949153,0.2545543672014259,
llama,math,strict_all_wrong,incremental_plurality_helpful,all_seeds,3,400,0.0,91.0,0.0,0.0,0.0405040039288802,0.0,0.0,
llama,math,strict_all_wrong,incremental_plurality_helpful,leave_out:42,2,400,0.0,63.0,0.0,3.469446951953614e-18,0.05747119958885169,0.0,0.0,
llama,math,strict_all_wrong,incremental_plurality_helpful,leave_out:314159,2,400,0.0,60.0,0.0,0.0,0.06017185214208983,0.0,0.0,
llama,math,strict_all_wrong,incremental_plurality_helpful,leave_out:271828,2,400,0.0,59.0,0.0,0.0,0.061129370526788365,0.0,0.0,
llama,math,strict_all_wrong,incremental_plurality_harmful,all_seeds,3,400,0.0,91.0,0.0,0.0,0.0405040039288802,0.0,0.0,
llama,math,strict_all_wrong,incremental_plurality_harmful,leave_out:42,2,400,0.0,63.0,0.0,3.469446951953614e-18,0.05747119958885169,0.0,0.0,
llama,math,strict_all_wrong,incremental_plurality_harmful,leave_out:314159,2,400,0.0,60.0,0.0,0.0,0.06017185214208983,0.0,0.0,
llama,math,strict_all_wrong,incremental_plurality_harmful,leave_out:271828,2,400,0.0,59.0,0.0,0.0,0.061129370526788365,0.0,0.0,
llama,math,strict_all_wrong,incremental_net,all_seeds,3,400,0.0,91.0,0.0,,,0.0,0.0,
llama,math,strict_all_wrong,incremental_net,leave_out:42,2,400,0.0,63.0,0.0,,,0.0,0.0,
llama,math,strict_all_wrong,incremental_net,leave_out:314159,2,400,0.0,60.0,0.0,,,0.0,0.0,
llama,math,strict_all_wrong,incremental_net,leave_out:271828,2,400,0.0,59.0,0.0,,,0.0,0.0,
llama,math,plurality_wrong,samecap_repair_plurality,all_seeds,3,400,22.0,148.0,0.14864864864864866,0.10026035744510908,0.21481471620252318,0.08928571428571429,0.21831429755000584,
llama,math,plurality_wrong,samecap_repair_plurality,leave_out:42,2,400,18.0,100.0,0.18,0.1170022549894635,0.26667358386300727,0.10185185185185185,0.27102803738317754,
llama,math,plurality_wrong,samecap_repair_plurality,leave_out:314159,2,400,13.0,98.0,0.1326530612244898,0.0791898667921762,0.2138289014604871,0.06848536737235368,0.20652173913043478,
llama,math,plurality_wrong,samecap_repair_plurality,leave_out:271828,2,400,13.0,98.0,0.1326530612244898,0.0791898667921762,0.2138289014604871,0.06930693069306931,0.20588235294117646,
llama,math,plurality_wrong,long_repair_plurality,all_seeds,3,400,22.0,148.0,0.14864864864864866,0.10026035744510908,0.21481471620252318,0.08928571428571429,0.21831429755000584,
llama,math,plurality_wrong,long_repair_plurality,leave_out:42,2,400,18.0,100.0,0.18,0.1170022549894635,0.26667358386300727,0.10185185185185185,0.27102803738317754,
llama,math,plurality_wrong,long_repair_plurality,leave_out:314159,2,400,13.0,98.0,0.1326530612244898,0.0791898667921762,0.2138289014604871,0.06848536737235368,0.20652173913043478,
llama,math,plurality_wrong,long_repair_plurality,leave_out:271828,2,400,13.0,98.0,0.1326530612244898,0.0791898667921762,0.2138289014604871,0.06930693069306931,0.20588235294117646,
llama,math,plurality_wrong,samecap_repair_any,all_seeds,3,400,16.0,148.0,0.10810810810810811,0.06764744361762783,0.16839783083550047,0.058823529411764705,0.162966903073286,
llama,math,plurality_wrong,samecap_repair_any,leave_out:42,2,400,12.0,100.0,0.12,0.06999406437019487,0.1981209942671142,0.05813953488372093,0.1919191919191919,
llama,math,plurality_wrong,samecap_repair_any,leave_out:314159,2,400,11.0,98.0,0.11224489795918367,0.06384269945885747,0.18989933369673156,0.05263157894736842,0.18085106382978725,
llama,math,plurality_wrong,samecap_repair_any,leave_out:271828,2,400,9.0,98.0,0.09183673469387756,0.04906921514558327,0.16539608291293148,0.04081632653061224,0.15053763440860216,
llama,math,plurality_wrong,long_repair_any,all_seeds,3,400,16.0,148.0,0.10810810810810811,0.06764744361762783,0.16839783083550047,0.058823529411764705,0.162966903073286,
llama,math,plurality_wrong,long_repair_any,leave_out:42,2,400,12.0,100.0,0.12,0.06999406437019487,0.1981209942671142,0.05813953488372093,0.1919191919191919,
llama,math,plurality_wrong,long_repair_any,leave_out:314159,2,400,11.0,98.0,0.11224489795918367,0.06384269945885747,0.18989933369673156,0.05263157894736842,0.18085106382978725,
llama,math,plurality_wrong,long_repair_any,leave_out:271828,2,400,9.0,98.0,0.09183673469387756,0.04906921514558327,0.16539608291293148,0.04081632653061224,0.15053763440860216,
llama,math,plurality_wrong,incremental_plurality_helpful,all_seeds,3,400,0.0,148.0,0.0,0.0,0.025299143267784385,0.0,0.0,
llama,math,plurality_wrong,incremental_plurality_helpful,leave_out:42,2,400,0.0,100.0,0.0,0.0,0.03699349820698566,0.0,0.0,
llama,math,plurality_wrong,incremental_plurality_helpful,leave_out:314159,2,400,0.0,98.0,0.0,0.0,0.03771999012168059,0.0,0.0,
llama,math,plurality_wrong,incremental_plurality_helpful,leave_out:271828,2,400,0.0,98.0,0.0,0.0,0.03771999012168059,0.0,0.0,
llama,math,plurality_wrong,incremental_plurality_harmful,all_seeds,3,400,0.0,148.0,0.0,0.0,0.025299143267784385,0.0,0.0,
llama,math,plurality_wrong,incremental_plurality_harmful,leave_out:42,2,400,0.0,100.0,0.0,0.0,0.03699349820698566,0.0,0.0,
llama,math,plurality_wrong,incremental_plurality_harmful,leave_out:314159,2,400,0.0,98.0,0.0,0.0,0.03771999012168059,0.0,0.0,
llama,math,plurality_wrong,incremental_plurality_harmful,leave_out:271828,2,400,0.0,98.0,0.0,0.0,0.03771999012168059,0.0,0.0,
llama,math,plurality_wrong,incremental_net,all_seeds,3,400,0.0,148.0,0.0,,,0.0,0.0,
llama,math,plurality_wrong,incremental_net,leave_out:42,2,400,0.0,100.0,0.0,,,0.0,0.0,
llama,math,plurality_wrong,incremental_net,leave_out:314159,2,400,0.0,98.0,0.0,,,0.0,0.0,
llama,math,plurality_wrong,incremental_net,leave_out:271828,2,400,0.0,98.0,0.0,,,0.0,0.0,
llama,math,first_chain_wrong,samecap_repair_plurality,all_seeds,3,400,121.0,383.0,0.31592689295039167,0.2713926066176185,0.3641169883729349,0.2588810167589215,0.37824005537736105,
llama,math,first_chain_wrong,samecap_repair_plurality,leave_out:42,2,400,91.0,268.0,0.33955223880597013,0.2854798372665663,0.3981592942585283,0.27598566308243727,0.4074074074074074,
llama,math,first_chain_wrong,samecap_repair_plurality,leave_out:314159,2,400,74.0,250.0,0.296,0.24284603162900242,0.3553283545651389,0.23376498979947255,0.3629422004422003,
llama,math,first_chain_wrong,samecap_repair_plurality,leave_out:271828,2,400,77.0,248.0,0.31048387096774194,0.2561568464281733,0.3705924567239895,0.24714828897338403,0.37899635439681834,
llama,math,first_chain_wrong,long_repair_plurality,all_seeds,3,400,126.0,383.0,0.3289817232375979,0.28382885073271535,0.37753112759184115,0.2707317073170732,0.39285714285714285,
llama,math,first_chain_wrong,long_repair_plurality,leave_out:42,2,400,95.0,268.0,0.35447761194029853,0.299632473827501,0.41343557569525924,0.2894712743396954,0.4247104247104247,
llama,math,first_chain_wrong,long_repair_plurality,leave_out:314159,2,400,77.0,250.0,0.308,0.2540382619773145,0.3677729250289361,0.24497991967871485,0.3765194890993173,
llama,math,first_chain_wrong,long_repair_plurality,leave_out:271828,2,400,80.0,248.0,0.3225806451612903,0.2674894110249218,0.3830844046919965,0.25951264406691466,0.3920039215686274,
llama,math,first_chain_wrong,samecap_repair_any,all_seeds,3,400,193.0,383.0,0.5039164490861618,0.4540535796123699,0.553701535387831,0.43718442511961003,0.5714285714285714,
llama,math,first_chain_wrong,samecap_repair_any,leave_out:42,2,400,140.0,268.0,0.5223880597014925,0.4626929976832546,0.5814503793132437,0.45097860962566844,0.5956678700361011,
llama,math,first_chain_wrong,samecap_repair_any,leave_out:314159,2,400,123.0,250.0,0.492,0.4306200826658989,0.553622050126028,0.4199134199134199,0.5642864552459989,
llama,math,first_chain_wrong,samecap_repair_any,leave_out:271828,2,400,123.0,248.0,0.4959677419354839,0.4342787342300211,0.5577797615817269,0.42412210749199103,0.5701754385964912,
llama,math,first_chain_wrong,long_repair_any,all_seeds,3,400,202.0,383.0,0.5274151436031331,0.4773916194698273,0.5768941855315797,0.459089046199702,0.5960601424317686,
llama,math,first_chain_wrong,long_repair_any,leave_out:42,2,400,147.0,268.0,0.5485074626865671,0.4886609303637539,0.6069830531286593,0.4758273128989268,0.6217228464419475,
llama,math,first_chain_wrong,long_repair_any,leave_out:314159,2,400,128.0,250.0,0.512,0.4503271111274396,0.5733096896846697,0.44017094017094016,0.5846774193548387,
llama,math,first_chain_wrong,long_repair_any,leave_out:271828,2,400,129.0,248.0,0.5201612903225806,0.45815072537368945,0.5815567955675697,0.4470565953654189,0.5941422594142259,
llama,math,first_chain_wrong,incremental_plurality_helpful,all_seeds,3,400,6.0,383.0,0.015665796344647518,0.0071990396344130785,0.03375173867406403,0.005025125628140704,0.029411764705882353,
llama,math,first_chain_wrong,incremental_plurality_helpful,leave_out:42,2,400,5.0,268.0,0.018656716417910446,0.007994708436192623,0.04292268613909146,0.003816793893129771,0.03636363636363636,
llama,math,first_chain_wrong,incremental_plurality_helpful,leave_out:314159,2,400,4.0,250.0,0.016,0.006239224570471172,0.040409809341119166,0.0037313432835820895,0.03375527426160337,
llama,math,first_chain_wrong,incremental_plurality_helpful,leave_out:271828,2,400,3.0,248.0,0.012096774193548387,0.004122365520547384,0.034955627700977904,0.0,0.027906976744186046,
llama,math,first_chain_wrong,incremental_plurality_harmful,all_seeds,3,400,1.0,383.0,0.0026109660574412533,0.0004610484021501972,0.014639346572323604,0.0,0.008333333333333333,
llama,math,first_chain_wrong,incremental_plurality_harmful,leave_out:42,2,400,1.0,268.0,0.0037313432835820895,0.0006589776591822208,0.020829498918436256,0.0,0.01195219123505976,
llama,math,first_chain_wrong,incremental_plurality_harmful,leave_out:314159,2,400,1.0,250.0,0.004,0.0007064475340650966,0.022305785565415914,0.0,0.012875536480686695,
llama,math,first_chain_wrong,incremental_plurality_harmful,leave_out:271828,2,400,0.0,248.0,0.0,0.0,0.015253480656769713,0.0,0.0,
llama,math,first_chain_wrong,incremental_net,all_seeds,3,400,5.0,383.0,0.013054830287206266,,,0.0,0.02763975695652777,
llama,math,first_chain_wrong,incremental_net,leave_out:42,2,400,4.0,268.0,0.014925373134328358,,,0.0,0.033962264150943396,
llama,math,first_chain_wrong,incremental_net,leave_out:314159,2,400,3.0,250.0,0.012,,,-0.004132231404958678,0.031007751937984496,
llama,math,first_chain_wrong,incremental_net,leave_out:271828,2,400,3.0,248.0,0.012096774193548387,,,0.0,0.027906976744186046,
llama,all,complete_plurality_correct,harm,all_seeds,3,800,36.0,1650.0,0.02181818181818182,0.015801038150070806,0.030056718297015998,0.014801657785671996,0.02957159845030939,A_to_B_resampling
llama,all,complete_plurality_correct,harm,leave_out:42,2,800,25.0,1096.0,0.02281021897810219,0.015497456764784649,0.03345637961671134,0.013888888888888888,0.032787248575747004,A_to_B_resampling
llama,all,complete_plurality_correct,harm,leave_out:314159,2,800,24.0,1103.0,0.021758839528558477,0.014664842188665879,0.03217245181361122,0.01358695652173913,0.030697776417788657,A_to_B_resampling
llama,all,complete_plurality_correct,harm,leave_out:271828,2,800,23.0,1101.0,0.02089009990917348,0.0139599370347349,0.03115192804126868,0.012831205720427277,0.029684601113172542,A_to_B_resampling
llama,all,complete_plurality_correct,certain_harm,all_seeds,3,800,21.0,1650.0,0.012727272727272728,0.008339391757122599,0.01937877831063125,0.0073125029225962895,0.018746338605741066,A_to_B_resampling
llama,all,complete_plurality_correct,certain_harm,leave_out:42,2,800,15.0,1096.0,0.013686131386861315,0.00831129877270601,0.02245809853386639,0.006947281201362323,0.021435228331780055,A_to_B_resampling
llama,all,complete_plurality_correct,certain_harm,leave_out:314159,2,800,13.0,1103.0,0.011786038077969175,0.0069006282290636906,0.020060287069943353,0.005751541927379577,0.018683689944638624,A_to_B_resampling
llama,all,complete_plurality_correct,certain_harm,leave_out:271828,2,800,14.0,1101.0,0.012715712988192553,0.007589411213815718,0.021230523598081766,0.006398537477148081,0.019608718487394945,A_to_B_resampling
llama,all,complete_plurality_correct,possible_harm,all_seeds,3,800,47.0,1650.0,0.028484848484848484,0.02148821228537513,0.03767190750655583,0.01980183171286535,0.03775913237273883,A_to_B_resampling
llama,all,complete_plurality_correct,possible_harm,leave_out:42,2,800,34.0,1096.0,0.03102189781021898,0.022283345041619277,0.04303648650730796,0.020353920902474766,0.0425531914893617,A_to_B_resampling
llama,all,complete_plurality_correct,possible_harm,leave_out:314159,2,800,31.0,1103.0,0.028105167724388033,0.019869548237907892,0.03961635039372287,0.01857004056360506,0.03873873873873874,A_to_B_resampling
llama,all,complete_plurality_correct,possible_harm,leave_out:271828,2,800,29.0,1101.0,0.02633969118982743,0.01840110123776678,0.0375720506809742,0.016775396085740912,0.0368325366214452,A_to_B_resampling
llama,all,complete_all_correct,harm,all_seeds,3,800,1.0,1013.0,0.0009871668311944718,0.00017428044480969013,0.005570429086869805,0.0,0.0030959752321981426,A_to_B_resampling
llama,all,complete_all_correct,harm,leave_out:42,2,800,1.0,677.0,0.0014771048744460858,0.0002607928845801922,0.008318970796104427,0.0,0.004622496147919877,A_to_B_resampling
llama,all,complete_all_correct,harm,leave_out:314159,2,800,1.0,678.0,0.0014749262536873156,0.0002604081641731015,0.008306772292699452,0.0,0.004622496147919877,A_to_B_resampling
llama,all,complete_all_correct,harm,leave_out:271828,2,800,0.0,671.0,0.0,0.0,0.005692387108828774,0.0,0.0,A_to_B_resampling
llama,all,complete_all_correct,certain_harm,all_seeds,3,800,0.0,1013.0,0.0,0.0,0.0037778345752634305,0.0,0.0,A_to_B_resampling
llama,all,complete_all_correct,certain_harm,leave_out:42,2,800,0.0,677.0,0.0,4.336808689942018e-19,0.005642222239738499,0.0,0.0,A_to_B_resampling
llama,all,complete_all_correct,certain_harm,leave_out:314159,2,800,0.0,678.0,0.0,0.0,0.005633947262957977,0.0,0.0,A_to_B_resampling
llama,all,complete_all_correct,certain_harm,leave_out:271828,2,800,0.0,671.0,0.0,0.0,0.005692387108828774,0.0,0.0,A_to_B_resampling
llama,all,complete_all_correct,possible_harm,all_seeds,3,800,1.0,1013.0,0.0009871668311944718,0.00017428044480969013,0.005570429086869805,0.0,0.0030959752321981426,A_to_B_resampling
llama,all,complete_all_correct,possible_harm,leave_out:42,2,800,1.0,677.0,0.0014771048744460858,0.0002607928845801922,0.008318970796104427,0.0,0.004622496147919877,A_to_B_resampling
llama,all,complete_all_correct,possible_harm,leave_out:314159,2,800,1.0,678.0,0.0014749262536873156,0.0002604081641731015,0.008306772292699452,0.0,0.004622496147919877,A_to_B_resampling
llama,all,complete_all_correct,possible_harm,leave_out:271828,2,800,0.0,671.0,0.0,0.0,0.005692387108828774,0.0,0.0,A_to_B_resampling
llama,all,complete_plurality_correct,harm,all_seeds,3,800,36.0,1650.0,0.02181818181818182,0.015801038150070806,0.030056718297015998,0.014801657785671996,0.02957159845030939,A_to_C_combined
llama,all,complete_plurality_correct,harm,leave_out:42,2,800,25.0,1096.0,0.02281021897810219,0.015497456764784649,0.03345637961671134,0.013888888888888888,0.032787248575747004,A_to_C_combined
llama,all,complete_plurality_correct,harm,leave_out:314159,2,800,24.0,1103.0,0.021758839528558477,0.014664842188665879,0.03217245181361122,0.01358695652173913,0.030697776417788657,A_to_C_combined
llama,all,complete_plurality_correct,harm,leave_out:271828,2,800,23.0,1101.0,0.02089009990917348,0.0139599370347349,0.03115192804126868,0.012831205720427277,0.029684601113172542,A_to_C_combined
llama,all,complete_plurality_correct,certain_harm,all_seeds,3,800,20.0,1650.0,0.012121212121212121,0.007860226416613426,0.018648637892518225,0.0068879148403256105,0.01800761323796143,A_to_C_combined
llama,all,complete_plurality_correct,certain_harm,leave_out:42,2,800,14.0,1096.0,0.012773722627737226,0.007624101723662282,0.021326851675417757,0.006278026905829596,0.020276965327256955,A_to_C_combined
llama,all,complete_plurality_correct,certain_harm,leave_out:314159,2,800,13.0,1103.0,0.011786038077969175,0.0069006282290636906,0.020060287069943353,0.005751541927379577,0.018683689944638624,A_to_C_combined
llama,all,complete_plurality_correct,certain_harm,leave_out:271828,2,800,13.0,1101.0,0.011807447774750226,0.006913186285030806,0.020096534053077108,0.0057137435619409056,0.018600943689576536,A_to_C_combined
llama,all,complete_plurality_correct,possible_harm,all_seeds,3,800,47.0,1650.0,0.028484848484848484,0.02148821228537513,0.03767190750655583,0.01980183171286535,0.03775913237273883,A_to_C_combined
llama,all,complete_plurality_correct,possible_harm,leave_out:42,2,800,34.0,1096.0,0.03102189781021898,0.022283345041619277,0.04303648650730796,0.020353920902474766,0.0425531914893617,A_to_C_combined
llama,all,complete_plurality_correct,possible_harm,leave_out:314159,2,800,31.0,1103.0,0.028105167724388033,0.019869548237907892,0.03961635039372287,0.01857004056360506,0.03873873873873874,A_to_C_combined
llama,all,complete_plurality_correct,possible_harm,leave_out:271828,2,800,29.0,1101.0,0.02633969118982743,0.01840110123776678,0.0375720506809742,0.016775396085740912,0.0368325366214452,A_to_C_combined
llama,all,complete_all_correct,harm,all_seeds,3,800,1.0,1013.0,0.0009871668311944718,0.00017428044480969013,0.005570429086869805,0.0,0.0030959752321981426,A_to_C_combined
llama,all,complete_all_correct,harm,leave_out:42,2,800,1.0,677.0,0.0014771048744460858,0.0002607928845801922,0.008318970796104427,0.0,0.004622496147919877,A_to_C_combined
llama,all,complete_all_correct,harm,leave_out:314159,2,800,1.0,678.0,0.0014749262536873156,0.0002604081641731015,0.008306772292699452,0.0,0.004622496147919877,A_to_C_combined
llama,all,complete_all_correct,harm,leave_out:271828,2,800,0.0,671.0,0.0,0.0,0.005692387108828774,0.0,0.0,A_to_C_combined
llama,all,complete_all_correct,certain_harm,all_seeds,3,800,0.0,1013.0,0.0,0.0,0.0037778345752634305,0.0,0.0,A_to_C_combined
llama,all,complete_all_correct,certain_harm,leave_out:42,2,800,0.0,677.0,0.0,4.336808689942018e-19,0.005642222239738499,0.0,0.0,A_to_C_combined
llama,all,complete_all_correct,certain_harm,leave_out:314159,2,800,0.0,678.0,0.0,0.0,0.005633947262957977,0.0,0.0,A_to_C_combined
llama,all,complete_all_correct,certain_harm,leave_out:271828,2,800,0.0,671.0,0.0,0.0,0.005692387108828774,0.0,0.0,A_to_C_combined
llama,all,complete_all_correct,possible_harm,all_seeds,3,800,1.0,1013.0,0.0009871668311944718,0.00017428044480969013,0.005570429086869805,0.0,0.0030959752321981426,A_to_C_combined
llama,all,complete_all_correct,possible_harm,leave_out:42,2,800,1.0,677.0,0.0014771048744460858,0.0002607928845801922,0.008318970796104427,0.0,0.004622496147919877,A_to_C_combined
llama,all,complete_all_correct,possible_harm,leave_out:314159,2,800,1.0,678.0,0.0014749262536873156,0.0002604081641731015,0.008306772292699452,0.0,0.004622496147919877,A_to_C_combined
llama,all,complete_all_correct,possible_harm,leave_out:271828,2,800,0.0,671.0,0.0,0.0,0.005692387108828774,0.0,0.0,A_to_C_combined
llama,all,complete_plurality_correct,harm,all_seeds,3,800,0.0,1650.0,0.0,0.0,0.0023227491366877183,0.0,0.0,B_to_C_tokens
llama,all,complete_plurality_correct,harm,leave_out:42,2,800,0.0,1096.0,0.0,0.0,0.003492738694187007,0.0,0.0,B_to_C_tokens
llama,all,complete_plurality_correct,harm,leave_out:314159,2,800,0.0,1103.0,0.0,0.0,0.0034706495587787985,0.0,0.0,B_to_C_tokens
llama,all,complete_plurality_correct,harm,leave_out:271828,2,800,0.0,1101.0,0.0,0.0,0.003476932178843551,0.0,0.0,B_to_C_tokens
llama,all,complete_plurality_correct,certain_harm,all_seeds,3,800,0.0,1650.0,0.0,0.0,0.0023227491366877183,0.0,0.0,B_to_C_tokens
llama,all,complete_plurality_correct,certain_harm,leave_out:42,2,800,0.0,1096.0,0.0,0.0,0.003492738694187007,0.0,0.0,B_to_C_tokens
llama,all,complete_plurality_correct,certain_harm,leave_out:314159,2,800,0.0,1103.0,0.0,0.0,0.0034706495587787985,0.0,0.0,B_to_C_tokens
llama,all,complete_plurality_correct,certain_harm,leave_out:271828,2,800,0.0,1101.0,0.0,0.0,0.003476932178843551,0.0,0.0,B_to_C_tokens
llama,all,complete_plurality_correct,possible_harm,all_seeds,3,800,24.0,1650.0,0.014545454545454545,0.009793802682080056,0.021552284661540383,0.009068923821039904,0.02045877247365158,B_to_C_tokens
llama,all,complete_plurality_correct,possible_harm,leave_out:42,2,800,17.0,1096.0,0.01551094890510949,0.009706550374248953,0.024699734747308168,0.008810378792579265,0.023214285714285715,B_to_C_tokens
llama,all,complete_plurality_correct,possible_harm,leave_out:314159,2,800,18.0,1103.0,0.016319129646418858,0.010347216015878433,0.025648416875524088,0.00922509225092251,0.023963522439858883,B_to_C_tokens
llama,all,complete_plurality_correct,possible_harm,leave_out:271828,2,800,13.0,1101.0,0.011807447774750226,0.006913186285030806,0.020096534053077108,0.00617828773168579,0.018433179723502304,B_to_C_tokens
llama,all,complete_all_correct,harm,all_seeds,3,800,0.0,1013.0,0.0,0.0,0.0037778345752634305,0.0,0.0,B_to_C_tokens
llama,all,complete_all_correct,harm,leave_out:42,2,800,0.0,677.0,0.0,4.336808689942018e-19,0.005642222239738499,0.0,0.0,B_to_C_tokens
llama,all,complete_all_correct,harm,leave_out:314159,2,800,0.0,678.0,0.0,0.0,0.005633947262957977,0.0,0.0,B_to_C_tokens
llama,all,complete_all_correct,harm,leave_out:271828,2,800,0.0,671.0,0.0,0.0,0.005692387108828774,0.0,0.0,B_to_C_tokens
llama,all,complete_all_correct,certain_harm,all_seeds,3,800,0.0,1013.0,0.0,0.0,0.0037778345752634305,0.0,0.0,B_to_C_tokens
llama,all,complete_all_correct,certain_harm,leave_out:42,2,800,0.0,677.0,0.0,4.336808689942018e-19,0.005642222239738499,0.0,0.0,B_to_C_tokens
llama,all,complete_all_correct,certain_harm,leave_out:314159,2,800,0.0,678.0,0.0,0.0,0.005633947262957977,0.0,0.0,B_to_C_tokens
llama,all,complete_all_correct,certain_harm,leave_out:271828,2,800,0.0,671.0,0.0,0.0,0.005692387108828774,0.0,0.0,B_to_C_tokens
llama,all,complete_all_correct,possible_harm,all_seeds,3,800,1.0,1013.0,0.0009871668311944718,0.00017428044480969013,0.005570429086869805,0.0,0.0030959752321981426,B_to_C_tokens
llama,all,complete_all_correct,possible_harm,leave_out:42,2,800,1.0,677.0,0.0014771048744460858,0.0002607928845801922,0.008318970796104427,0.0,0.004622496147919877,B_to_C_tokens
llama,all,complete_all_correct,possible_harm,leave_out:314159,2,800,1.0,678.0,0.0014749262536873156,0.0002604081641731015,0.008306772292699452,0.0,0.004622496147919877,B_to_C_tokens
llama,all,complete_all_correct,possible_harm,leave_out:271828,2,800,0.0,671.0,0.0,0.0,0.005692387108828774,0.0,0.0,B_to_C_tokens
llama,gsm8k,complete_plurality_correct,harm,all_seeds,3,400,17.0,1082.0,0.015711645101663587,0.00983243113415961,0.025017462018559762,0.008325624421831638,0.024208972110346016,A_to_B_resampling
llama,gsm8k,complete_plurality_correct,harm,leave_out:42,2,400,12.0,720.0,0.016666666666666666,0.009559295137113292,0.028904181196577696,0.007072135785007072,0.027701791525313012,A_to_B_resampling
llama,gsm8k,complete_plurality_correct,harm,leave_out:314159,2,400,11.0,722.0,0.015235457063711912,0.008528162083705347,0.02707390846029452,0.006896551724137931,0.024897127619222754,A_to_B_resampling
llama,gsm8k,complete_plurality_correct,harm,leave_out:271828,2,400,11.0,722.0,0.015235457063711912,0.008528162083705347,0.02707390846029452,0.006924968295383578,0.024861878453038673,A_to_B_resampling
llama,gsm8k,complete_plurality_correct,certain_harm,all_seeds,3,400,9.0,1082.0,0.00831792975970425,0.004382189895751663,0.015732587121894723,0.003629681795071353,0.01416464064432865,A_to_B_resampling
llama,gsm8k,complete_plurality_correct,certain_harm,leave_out:42,2,400,6.0,720.0,0.008333333333333333,0.0038246771208173937,0.0180605832875924,0.00273224043715847,0.015449981431438541,A_to_B_resampling
llama,gsm8k,complete_plurality_correct,certain_harm,leave_out:314159,2,400,5.0,722.0,0.006925207756232687,0.0029615563927873753,0.016107978217681056,0.001388888888888889,0.013850415512465374,A_to_B_resampling
llama,gsm8k,complete_plurality_correct,certain_harm,leave_out:271828,2,400,7.0,722.0,0.009695290858725761,0.0047041775052028304,0.019876202416442744,0.002840909090909091,0.017711171662125342,A_to_B_resampling
llama,gsm8k,complete_plurality_correct,possible_harm,all_seeds,3,400,21.0,1082.0,0.019408502772643253,0.012728930861298083,0.029488520358957784,0.010938924339106655,0.029383908015963165,A_to_B_resampling
llama,gsm8k,complete_plurality_correct,possible_harm,leave_out:42,2,400,16.0,720.0,0.022222222222222223,0.01372409973980345,0.035791520544075,0.011095700416088766,0.03516226740434958,A_to_B_resampling
llama,gsm8k,complete_plurality_correct,possible_harm,leave_out:314159,2,400,14.0,722.0,0.019390581717451522,0.011585109214073375,0.032283229296692195,0.009722222222222222,0.03021978021978022,A_to_B_resampling
llama,gsm8k,complete_plurality_correct,possible_harm,leave_out:271828,2,400,12.0,722.0,0.01662049861495845,0.009532745845382662,0.02882474735420578,0.007112122963274279,0.027548209366391185,A_to_B_resampling
llama,gsm8k,complete_all_correct,harm,all_seeds,3,400,1.0,735.0,0.0013605442176870747,0.00024020984875583462,0.007666031403620556,0.0,0.004285867565910482,A_to_B_resampling
llama,gsm8k,complete_all_correct,harm,leave_out:42,2,400,1.0,488.0,0.0020491803278688526,0.00036182227664883094,0.011514888634831463,0.0,0.00646551724137931,A_to_B_resampling
llama,gsm8k,complete_all_correct,harm,leave_out:314159,2,400,1.0,493.0,0.002028397565922921,0.0003581517591554756,0.011399037012005944,0.0,0.006382978723404255,A_to_B_resampling
llama,gsm8k,complete_all_correct,harm,leave_out:271828,2,400,0.0,489.0,0.0,0.0,0.007794512316163981,0.0,0.0,A_to_B_resampling
llama,gsm8k,complete_all_correct,certain_harm,all_seeds,3,400,0.0,735.0,0.0,4.336808689942018e-19,0.005199300573665274,0.0,0.0,A_to_B_resampling
llama,gsm8k,complete_all_correct,certain_harm,leave_out:42,2,400,0.0,488.0,0.0,0.0,0.007810359927576922,0.0,0.0,A_to_B_resampling
llama,gsm8k,complete_all_correct,certain_harm,leave_out:314159,2,400,0.0,493.0,0.0,4.336808689942018e-19,0.007731759804852504,0.0,0.0,A_to_B_resampling
llama,gsm8k,complete_all_correct,certain_harm,leave_out:271828,2,400,0.0,489.0,0.0,0.0,0.007794512316163981,0.0,0.0,A_to_B_resampling
llama,gsm8k,complete_all_correct,possible_harm,all_seeds,3,400,1.0,735.0,0.0013605442176870747,0.00024020984875583462,0.007666031403620556,0.0,0.004285867565910482,A_to_B_resampling
llama,gsm8k,complete_all_correct,possible_harm,leave_out:42,2,400,1.0,488.0,0.0020491803278688526,0.00036182227664883094,0.011514888634831463,0.0,0.00646551724137931,A_to_B_resampling
llama,gsm8k,complete_all_correct,possible_harm,leave_out:314159,2,400,1.0,493.0,0.002028397565922921,0.0003581517591554756,0.011399037012005944,0.0,0.006382978723404255,A_to_B_resampling
llama,gsm8k,complete_all_correct,possible_harm,leave_out:271828,2,400,0.0,489.0,0.0,0.0,0.007794512316163981,0.0,0.0,A_to_B_resampling
llama,gsm8k,complete_plurality_correct,harm,all_seeds,3,400,17.0,1082.0,0.015711645101663587,0.00983243113415961,0.025017462018559762,0.008325624421831638,0.024208972110346016,A_to_C_combined
llama,gsm8k,complete_plurality_correct,harm,leave_out:42,2,400,12.0,720.0,0.016666666666666666,0.009559295137113292,0.028904181196577696,0.007072135785007072,0.027701791525313012,A_to_C_combined
llama,gsm8k,complete_plurality_correct,harm,leave_out:314159,2,400,11.0,722.0,0.015235457063711912,0.008528162083705347,0.02707390846029452,0.006896551724137931,0.024897127619222754,A_to_C_combined
llama,gsm8k,complete_plurality_correct,harm,leave_out:271828,2,400,11.0,722.0,0.015235457063711912,0.008528162083705347,0.02707390846029452,0.006924968295383578,0.024861878453038673,A_to_C_combined
llama,gsm8k,complete_plurality_correct,certain_harm,all_seeds,3,400,9.0,1082.0,0.00831792975970425,0.004382189895751663,0.015732587121894723,0.003629681795071353,0.01416464064432865,A_to_C_combined
llama,gsm8k,complete_plurality_correct,certain_harm,leave_out:42,2,400,6.0,720.0,0.008333333333333333,0.0038246771208173937,0.0180605832875924,0.00273224043715847,0.015449981431438541,A_to_C_combined
llama,gsm8k,complete_plurality_correct,certain_harm,leave_out:314159,2,400,5.0,722.0,0.006925207756232687,0.0029615563927873753,0.016107978217681056,0.001388888888888889,0.013850415512465374,A_to_C_combined
llama,gsm8k,complete_plurality_correct,certain_harm,leave_out:271828,2,400,7.0,722.0,0.009695290858725761,0.0047041775052028304,0.019876202416442744,0.002840909090909091,0.017711171662125342,A_to_C_combined
llama,gsm8k,complete_plurality_correct,possible_harm,all_seeds,3,400,21.0,1082.0,0.019408502772643253,0.012728930861298083,0.029488520358957784,0.010938924339106655,0.029383908015963165,A_to_C_combined
llama,gsm8k,complete_plurality_correct,possible_harm,leave_out:42,2,400,16.0,720.0,0.022222222222222223,0.01372409973980345,0.035791520544075,0.011095700416088766,0.03516226740434958,A_to_C_combined
llama,gsm8k,complete_plurality_correct,possible_harm,leave_out:314159,2,400,14.0,722.0,0.019390581717451522,0.011585109214073375,0.032283229296692195,0.009722222222222222,0.03021978021978022,A_to_C_combined
llama,gsm8k,complete_plurality_correct,possible_harm,leave_out:271828,2,400,12.0,722.0,0.01662049861495845,0.009532745845382662,0.02882474735420578,0.007112122963274279,0.027548209366391185,A_to_C_combined
llama,gsm8k,complete_all_correct,harm,all_seeds,3,400,1.0,735.0,0.0013605442176870747,0.00024020984875583462,0.007666031403620556,0.0,0.004285867565910482,A_to_C_combined
llama,gsm8k,complete_all_correct,harm,leave_out:42,2,400,1.0,488.0,0.0020491803278688526,0.00036182227664883094,0.011514888634831463,0.0,0.00646551724137931,A_to_C_combined
llama,gsm8k,complete_all_correct,harm,leave_out:314159,2,400,1.0,493.0,0.002028397565922921,0.0003581517591554756,0.011399037012005944,0.0,0.006382978723404255,A_to_C_combined
llama,gsm8k,complete_all_correct,harm,leave_out:271828,2,400,0.0,489.0,0.0,0.0,0.007794512316163981,0.0,0.0,A_to_C_combined
llama,gsm8k,complete_all_correct,certain_harm,all_seeds,3,400,0.0,735.0,0.0,4.336808689942018e-19,0.005199300573665274,0.0,0.0,A_to_C_combined
llama,gsm8k,complete_all_correct,certain_harm,leave_out:42,2,400,0.0,488.0,0.0,0.0,0.007810359927576922,0.0,0.0,A_to_C_combined
llama,gsm8k,complete_all_correct,certain_harm,leave_out:314159,2,400,0.0,493.0,0.0,4.336808689942018e-19,0.007731759804852504,0.0,0.0,A_to_C_combined
llama,gsm8k,complete_all_correct,certain_harm,leave_out:271828,2,400,0.0,489.0,0.0,0.0,0.007794512316163981,0.0,0.0,A_to_C_combined
llama,gsm8k,complete_all_correct,possible_harm,all_seeds,3,400,1.0,735.0,0.0013605442176870747,0.00024020984875583462,0.007666031403620556,0.0,0.004285867565910482,A_to_C_combined
llama,gsm8k,complete_all_correct,possible_harm,leave_out:42,2,400,1.0,488.0,0.0020491803278688526,0.00036182227664883094,0.011514888634831463,0.0,0.00646551724137931,A_to_C_combined
llama,gsm8k,complete_all_correct,possible_harm,leave_out:314159,2,400,1.0,493.0,0.002028397565922921,0.0003581517591554756,0.011399037012005944,0.0,0.006382978723404255,A_to_C_combined
llama,gsm8k,complete_all_correct,possible_harm,leave_out:271828,2,400,0.0,489.0,0.0,0.0,0.007794512316163981,0.0,0.0,A_to_C_combined
llama,gsm8k,complete_plurality_correct,harm,all_seeds,3,400,0.0,1082.0,0.0,2.168404344971009e-19,0.003537771365689277,0.0,0.0,B_to_C_tokens
llama,gsm8k,complete_plurality_correct,harm,leave_out:42,2,400,0.0,720.0,0.0,4.336808689942018e-19,0.005307044483128602,0.0,0.0,B_to_C_tokens
llama,gsm8k,complete_plurality_correct,harm,leave_out:314159,2,400,0.0,722.0,0.0,0.0,0.0052924213325255725,0.0,0.0,B_to_C_tokens
llama,gsm8k,complete_plurality_correct,harm,leave_out:271828,2,400,0.0,722.0,0.0,0.0,0.0052924213325255725,0.0,0.0,B_to_C_tokens
llama,gsm8k,complete_plurality_correct,certain_harm,all_seeds,3,400,0.0,1082.0,0.0,2.168404344971009e-19,0.003537771365689277,0.0,0.0,B_to_C_tokens
llama,gsm8k,complete_plurality_correct,certain_harm,leave_out:42,2,400,0.0,720.0,0.0,4.336808689942018e-19,0.005307044483128602,0.0,0.0,B_to_C_tokens
llama,gsm8k,complete_plurality_correct,certain_harm,leave_out:314159,2,400,0.0,722.0,0.0,0.0,0.0052924213325255725,0.0,0.0,B_to_C_tokens
llama,gsm8k,complete_plurality_correct,certain_harm,leave_out:271828,2,400,0.0,722.0,0.0,0.0,0.0052924213325255725,0.0,0.0,B_to_C_tokens
llama,gsm8k,complete_plurality_correct,possible_harm,all_seeds,3,400,11.0,1082.0,0.010166358595194085,0.005686097176453798,0.018112458874960838,0.004608294930875576,0.016651248843663275,B_to_C_tokens
llama,gsm8k,complete_plurality_correct,possible_harm,leave_out:42,2,400,9.0,720.0,0.0125,0.006589987450810247,0.023584380920240143,0.005471956224350205,0.021067415730337078,B_to_C_tokens
llama,gsm8k,complete_plurality_correct,possible_harm,leave_out:314159,2,400,9.0,722.0,0.012465373961218837,0.006571695175283639,0.02351953005753908,0.005449405920406309,0.021037868162692847,B_to_C_tokens
llama,gsm8k,complete_plurality_correct,possible_harm,leave_out:271828,2,400,4.0,722.0,0.00554016620498615,0.002156509063599618,0.014157602891280244,0.001358695652173913,0.011251758087201125,B_to_C_tokens
llama,gsm8k,complete_all_correct,harm,all_seeds,3,400,0.0,735.0,0.0,4.336808689942018e-19,0.005199300573665274,0.0,0.0,B_to_C_tokens
llama,gsm8k,complete_all_correct,harm,leave_out:42,2,400,0.0,488.0,0.0,0.0,0.007810359927576922,0.0,0.0,B_to_C_tokens
llama,gsm8k,complete_all_correct,harm,leave_out:314159,2,400,0.0,493.0,0.0,4.336808689942018e-19,0.007731759804852504,0.0,0.0,B_to_C_tokens
llama,gsm8k,complete_all_correct,harm,leave_out:271828,2,400,0.0,489.0,0.0,0.0,0.007794512316163981,0.0,0.0,B_to_C_tokens
llama,gsm8k,complete_all_correct,certain_harm,all_seeds,3,400,0.0,735.0,0.0,4.336808689942018e-19,0.005199300573665274,0.0,0.0,B_to_C_tokens
llama,gsm8k,complete_all_correct,certain_harm,leave_out:42,2,400,0.0,488.0,0.0,0.0,0.007810359927576922,0.0,0.0,B_to_C_tokens
llama,gsm8k,complete_all_correct,certain_harm,leave_out:314159,2,400,0.0,493.0,0.0,4.336808689942018e-19,0.007731759804852504,0.0,0.0,B_to_C_tokens
llama,gsm8k,complete_all_correct,certain_harm,leave_out:271828,2,400,0.0,489.0,0.0,0.0,0.007794512316163981,0.0,0.0,B_to_C_tokens
llama,gsm8k,complete_all_correct,possible_harm,all_seeds,3,400,1.0,735.0,0.0013605442176870747,0.00024020984875583462,0.007666031403620556,0.0,0.004285867565910482,B_to_C_tokens
llama,gsm8k,complete_all_correct,possible_harm,leave_out:42,2,400,1.0,488.0,0.0020491803278688526,0.00036182227664883094,0.011514888634831463,0.0,0.00646551724137931,B_to_C_tokens
llama,gsm8k,complete_all_correct,possible_harm,leave_out:314159,2,400,1.0,493.0,0.002028397565922921,0.0003581517591554756,0.011399037012005944,0.0,0.006382978723404255,B_to_C_tokens
llama,gsm8k,complete_all_correct,possible_harm,leave_out:271828,2,400,0.0,489.0,0.0,0.0,0.007794512316163981,0.0,0.0,B_to_C_tokens
llama,math,complete_plurality_correct,harm,all_seeds,3,400,19.0,568.0,0.03345070422535211,0.021517731559978895,0.05165195240624412,0.018831667390989425,0.05,A_to_B_resampling
llama,math,complete_plurality_correct,harm,leave_out:42,2,400,13.0,376.0,0.034574468085106384,0.020314939261101034,0.058247993056355446,0.016260162601626018,0.05555555555555555,A_to_B_resampling
llama,math,complete_plurality_correct,harm,leave_out:314159,2,400,13.0,381.0,0.03412073490813648,0.0200469142647566,0.05749529990348845,0.016948129042823223,0.05361930294906166,A_to_B_resampling
llama,math,complete_plurality_correct,harm,leave_out:271828,2,400,12.0,379.0,0.0316622691292876,0.018203242324385818,0.05451996510058073,0.015502877007911772,0.050666666666666665,A_to_B_resampling
llama,math,complete_plurality_correct,certain_harm,all_seeds,3,400,12.0,568.0,0.02112676056338028,0.012125935182869687,0.036561438548498845,0.009415312536436968,0.034755821141561914,A_to_B_resampling
llama,math,complete_plurality_correct,certain_harm,leave_out:42,2,400,9.0,376.0,0.023936170212765957,0.012642991548345143,0.044858522079224625,0.008333333333333333,0.0424416332910032,A_to_B_resampling
llama,math,complete_plurality_correct,certain_harm,leave_out:314159,2,400,8.0,381.0,0.02099737532808399,0.010677260682548014,0.04088022712423916,0.007792207792207792,0.036458333333333336,A_to_B_resampling
llama,math,complete_plurality_correct,certain_harm,leave_out:271828,2,400,7.0,379.0,0.018469656992084433,0.008974874635408142,0.03762785975927576,0.0057306590257879654,0.033419023136246784,A_to_B_resampling
llama,math,complete_plurality_correct,possible_harm,all_seeds,3,400,26.0,568.0,0.045774647887323945,0.03142670625316822,0.06622528794790929,0.027471988795518206,0.06642744598310127,A_to_B_resampling
llama,math,complete_plurality_correct,possible_harm,leave_out:42,2,400,18.0,376.0,0.047872340425531915,0.03049311196762162,0.07439659371219325,0.02652471956792688,0.07253990473006851,A_to_B_resampling
llama,math,complete_plurality_correct,possible_harm,leave_out:314159,2,400,17.0,381.0,0.04461942257217848,0.028042093810212835,0.07028790144719853,0.023979699219347925,0.06806282722513089,A_to_B_resampling
llama,math,complete_plurality_correct,possible_harm,leave_out:271828,2,400,17.0,379.0,0.044854881266490766,0.028191058951175553,0.07065262150407361,0.02398009735923836,0.06830722141523136,A_to_B_resampling
llama,math,complete_all_correct,harm,all_seeds,3,400,0.0,278.0,0.0,0.0,0.013629857142976388,0.0,0.0,A_to_B_resampling
llama,math,complete_all_correct,harm,leave_out:42,2,400,0.0,189.0,0.0,0.0,0.019920295377281655,0.0,0.0,A_to_B_resampling
llama,math,complete_all_correct,harm,leave_out:314159,2,400,0.0,185.0,0.0,0.0,0.02034224287761729,0.0,0.0,A_to_B_resampling
llama,math,complete_all_correct,harm,leave_out:271828,2,400,0.0,182.0,0.0,0.0,0.020670623471593,0.0,0.0,A_to_B_resampling
llama,math,complete_all_correct,certain_harm,all_seeds,3,400,0.0,278.0,0.0,0.0,0.013629857142976388,0.0,0.0,A_to_B_resampling
llama,math,complete_all_correct,certain_harm,leave_out:42,2,400,0.0,189.0,0.0,0.0,0.019920295377281655,0.0,0.0,A_to_B_resampling
llama,math,complete_all_correct,certain_harm,leave_out:314159,2,400,0.0,185.0,0.0,0.0,0.02034224287761729,0.0,0.0,A_to_B_resampling
llama,math,complete_all_correct,certain_harm,leave_out:271828,2,400,0.0,182.0,0.0,0.0,0.020670623471593,0.0,0.0,A_to_B_resampling
llama,math,complete_all_correct,possible_harm,all_seeds,3,400,0.0,278.0,0.0,0.0,0.013629857142976388,0.0,0.0,A_to_B_resampling
llama,math,complete_all_correct,possible_harm,leave_out:42,2,400,0.0,189.0,0.0,0.0,0.019920295377281655,0.0,0.0,A_to_B_resampling
llama,math,complete_all_correct,possible_harm,leave_out:314159,2,400,0.0,185.0,0.0,0.0,0.02034224287761729,0.0,0.0,A_to_B_resampling
llama,math,complete_all_correct,possible_harm,leave_out:271828,2,400,0.0,182.0,0.0,0.0,0.020670623471593,0.0,0.0,A_to_B_resampling
llama,math,complete_plurality_correct,harm,all_seeds,3,400,19.0,568.0,0.03345070422535211,0.021517731559978895,0.05165195240624412,0.018831667390989425,0.05,A_to_C_combined
llama,math,complete_plurality_correct,harm,leave_out:42,2,400,13.0,376.0,0.034574468085106384,0.020314939261101034,0.058247993056355446,0.016260162601626018,0.05555555555555555,A_to_C_combined
llama,math,complete_plurality_correct,harm,leave_out:314159,2,400,13.0,381.0,0.03412073490813648,0.0200469142647566,0.05749529990348845,0.016948129042823223,0.05361930294906166,A_to_C_combined
llama,math,complete_plurality_correct,harm,leave_out:271828,2,400,12.0,379.0,0.0316622691292876,0.018203242324385818,0.05451996510058073,0.015502877007911772,0.050666666666666665,A_to_C_combined
llama,math,complete_plurality_correct,certain_harm,all_seeds,3,400,11.0,568.0,0.01936619718309859,0.010847539579769541,0.034342361260905487,0.008403008854548531,0.03237410071942446,A_to_C_combined
llama,math,complete_plurality_correct,certain_harm,leave_out:42,2,400,8.0,376.0,0.02127659574468085,0.010819753284093002,0.04141640567100509,0.007481296758104738,0.03875968992248062,A_to_C_combined
llama,math,complete_plurality_correct,certain_harm,leave_out:314159,2,400,8.0,381.0,0.02099737532808399,0.010677260682548014,0.04088022712423916,0.007792207792207792,0.036458333333333336,A_to_C_combined
llama,math,complete_plurality_correct,certain_harm,leave_out:271828,2,400,6.0,379.0,0.0158311345646438,0.007275225678582534,0.03410341411004485,0.00510204081632653,0.029411764705882353,A_to_C_combined
llama,math,complete_plurality_correct,possible_harm,all_seeds,3,400,26.0,568.0,0.045774647887323945,0.03142670625316822,0.06622528794790929,0.027471988795518206,0.06642744598310127,A_to_C_combined
llama,math,complete_plurality_correct,possible_harm,leave_out:42,2,400,18.0,376.0,0.047872340425531915,0.03049311196762162,0.07439659371219325,0.02652471956792688,0.07253990473006851,A_to_C_combined
llama,math,complete_plurality_correct,possible_harm,leave_out:314159,2,400,17.0,381.0,0.04461942257217848,0.028042093810212835,0.07028790144719853,0.023979699219347925,0.06806282722513089,A_to_C_combined
llama,math,complete_plurality_correct,possible_harm,leave_out:271828,2,400,17.0,379.0,0.044854881266490766,0.028191058951175553,0.07065262150407361,0.02398009735923836,0.06830722141523136,A_to_C_combined
llama,math,complete_all_correct,harm,all_seeds,3,400,0.0,278.0,0.0,0.0,0.013629857142976388,0.0,0.0,A_to_C_combined
llama,math,complete_all_correct,harm,leave_out:42,2,400,0.0,189.0,0.0,0.0,0.019920295377281655,0.0,0.0,A_to_C_combined
llama,math,complete_all_correct,harm,leave_out:314159,2,400,0.0,185.0,0.0,0.0,0.02034224287761729,0.0,0.0,A_to_C_combined
llama,math,complete_all_correct,harm,leave_out:271828,2,400,0.0,182.0,0.0,0.0,0.020670623471593,0.0,0.0,A_to_C_combined
llama,math,complete_all_correct,certain_harm,all_seeds,3,400,0.0,278.0,0.0,0.0,0.013629857142976388,0.0,0.0,A_to_C_combined
llama,math,complete_all_correct,certain_harm,leave_out:42,2,400,0.0,189.0,0.0,0.0,0.019920295377281655,0.0,0.0,A_to_C_combined
llama,math,complete_all_correct,certain_harm,leave_out:314159,2,400,0.0,185.0,0.0,0.0,0.02034224287761729,0.0,0.0,A_to_C_combined
llama,math,complete_all_correct,certain_harm,leave_out:271828,2,400,0.0,182.0,0.0,0.0,0.020670623471593,0.0,0.0,A_to_C_combined
llama,math,complete_all_correct,possible_harm,all_seeds,3,400,0.0,278.0,0.0,0.0,0.013629857142976388,0.0,0.0,A_to_C_combined
llama,math,complete_all_correct,possible_harm,leave_out:42,2,400,0.0,189.0,0.0,0.0,0.019920295377281655,0.0,0.0,A_to_C_combined
llama,math,complete_all_correct,possible_harm,leave_out:314159,2,400,0.0,185.0,0.0,0.0,0.02034224287761729,0.0,0.0,A_to_C_combined
llama,math,complete_all_correct,possible_harm,leave_out:271828,2,400,0.0,182.0,0.0,0.0,0.020670623471593,0.0,0.0,A_to_C_combined
llama,math,complete_plurality_correct,harm,all_seeds,3,400,0.0,568.0,0.0,4.336808689942018e-19,0.0067176990430465565,0.0,0.0,B_to_C_tokens
llama,math,complete_plurality_correct,harm,leave_out:42,2,400,0.0,376.0,0.0,8.673617379884035e-19,0.010113321575324671,0.0,0.0,B_to_C_tokens
llama,math,complete_plurality_correct,harm,leave_out:314159,2,400,0.0,381.0,0.0,0.0,0.009981925628454551,0.0,0.0,B_to_C_tokens
llama,math,complete_plurality_correct,harm,leave_out:271828,2,400,0.0,379.0,0.0,8.673617379884035e-19,0.010034072152288218,0.0,0.0,B_to_C_tokens
llama,math,complete_plurality_correct,certain_harm,all_seeds,3,400,0.0,568.0,0.0,4.336808689942018e-19,0.0067176990430465565,0.0,0.0,B_to_C_tokens
llama,math,complete_plurality_correct,certain_harm,leave_out:42,2,400,0.0,376.0,0.0,8.673617379884035e-19,0.010113321575324671,0.0,0.0,B_to_C_tokens
llama,math,complete_plurality_correct,certain_harm,leave_out:314159,2,400,0.0,381.0,0.0,0.0,0.009981925628454551,0.0,0.0,B_to_C_tokens
llama,math,complete_plurality_correct,certain_harm,leave_out:271828,2,400,0.0,379.0,0.0,8.673617379884035e-19,0.010034072152288218,0.0,0.0,B_to_C_tokens
llama,math,complete_plurality_correct,possible_harm,all_seeds,3,400,13.0,568.0,0.022887323943661973,0.013423410463755659,0.03876143615830638,0.011588925072519294,0.03591759640213993,B_to_C_tokens
llama,math,complete_plurality_correct,possible_harm,leave_out:42,2,400,8.0,376.0,0.02127659574468085,0.010819753284093002,0.04141640567100509,0.007936507936507936,0.037333333333333336,B_to_C_tokens
llama,math,complete_plurality_correct,possible_harm,leave_out:314159,2,400,9.0,381.0,0.023622047244094488,0.01247642322064475,0.044278009858434,0.01,0.039886395123302845,B_to_C_tokens
llama,math,complete_plurality_correct,possible_harm,leave_out:271828,2,400,9.0,379.0,0.023746701846965697,0.012542521070839328,0.04450840253595762,0.01020408163265306,0.040002358490566006,B_to_C_tokens
llama,math,complete_all_correct,harm,all_seeds,3,400,0.0,278.0,0.0,0.0,0.013629857142976388,0.0,0.0,B_to_C_tokens
llama,math,complete_all_correct,harm,leave_out:42,2,400,0.0,189.0,0.0,0.0,0.019920295377281655,0.0,0.0,B_to_C_tokens
llama,math,complete_all_correct,harm,leave_out:314159,2,400,0.0,185.0,0.0,0.0,0.02034224287761729,0.0,0.0,B_to_C_tokens
llama,math,complete_all_correct,harm,leave_out:271828,2,400,0.0,182.0,0.0,0.0,0.020670623471593,0.0,0.0,B_to_C_tokens
llama,math,complete_all_correct,certain_harm,all_seeds,3,400,0.0,278.0,0.0,0.0,0.013629857142976388,0.0,0.0,B_to_C_tokens
llama,math,complete_all_correct,certain_harm,leave_out:42,2,400,0.0,189.0,0.0,0.0,0.019920295377281655,0.0,0.0,B_to_C_tokens
llama,math,complete_all_correct,certain_harm,leave_out:314159,2,400,0.0,185.0,0.0,0.0,0.02034224287761729,0.0,0.0,B_to_C_tokens
llama,math,complete_all_correct,certain_harm,leave_out:271828,2,400,0.0,182.0,0.0,0.0,0.020670623471593,0.0,0.0,B_to_C_tokens
llama,math,complete_all_correct,possible_harm,all_seeds,3,400,0.0,278.0,0.0,0.0,0.013629857142976388,0.0,0.0,B_to_C_tokens
llama,math,complete_all_correct,possible_harm,leave_out:42,2,400,0.0,189.0,0.0,0.0,0.019920295377281655,0.0,0.0,B_to_C_tokens
llama,math,complete_all_correct,possible_harm,leave_out:314159,2,400,0.0,185.0,0.0,0.0,0.02034224287761729,0.0,0.0,B_to_C_tokens
llama,math,complete_all_correct,possible_harm,leave_out:271828,2,400,0.0,182.0,0.0,0.0,0.020670623471593,0.0,0.0,B_to_C_tokens
